timestamp,water_level_m,temperature_c,turbidity_ntu,battery_pct,sms_sent
2025-09-25 02:14:46.396824,2.0993428306022466,27.778532642594925,7.798710873172004,100.0,0
2025-09-25 03:14:46.396824,1.9849319778888685,30.72824992141039,6.849267365825538,99.42877420351115,0
2025-09-25 04:14:46.396824,2.154705390624038,20.804297278542577,5.119260739840349,99.14172095625705,0
2025-09-25 05:14:46.396824,2.3423525129973726,26.688907710071714,3.706126444588852,99.93650530210809,0
2025-09-25 06:14:46.396824,2.003488747018777,23.04807229263452,6.39644662722718,99.74965505683379,0
2025-09-25 07:14:46.396824,2.0160569410087223,23.53862384870591,5.786970770843499,99.44657154987112,0
2025-09-25 08:14:46.396824,2.3912818460365113,23.222818227283394,6.790386440055465,100.0,0
2025-09-25 09:14:46.396824,2.2414692308948663,22.40802769096055,6.270343603363939,100.0,0
2025-09-25 10:14:46.396824,2.0066164749831805,25.14556488383448,7.09910543063867,99.92808624500928,0
2025-09-25 11:14:46.396824,2.221536508560833,22.507149650766888,3.9295295768788643,100.0,0
2025-09-25 12:14:46.396824,2.032836207634538,25.811370477339516,7.634788131268651,98.65791008426329,0
2025-09-25 13:14:46.396824,2.04484916146392,24.849285671652588,5.395199209384799,99.58589965895676,0
2025-09-25 14:14:46.396824,2.198841076196039,24.28315585940077,9.150521745250531,99.04269671747335,0
2025-09-25 15:14:46.396824,1.7802222539381174,22.277309013875207,3.6216243638208643,97.87294234084277,0
2025-09-25 16:14:46.396824,1.83029861996806,23.269686008295,8.4719276063305,99.6367581919128,0
2025-09-25 17:14:46.396824,2.0752008022556723,27.26617367747727,5.395821566925296,99.57765128921191,0
2025-09-25 18:14:46.396824,1.9974384835175212,26.502751562873144,3.6971639927711033,100.0,0
2025-09-25 19:14:46.396824,2.275168895953994,22.067334265604348,4.032228331891357,100.0,0
2025-09-25 20:14:46.396824,2.042995708091121,25.297996916287676,4.3593053836113596,98.61509173278502,0
2025-09-25 21:14:46.396824,1.9543853034646848,27.254161370115366,5.848331892803833,100.0,0
2025-09-25 22:14:46.396824,2.5421838053286963,19.991784156635884,6.0456709760709995,100.0,0
2025-09-25 23:14:46.396824,2.216067352977722,26.630080577139804,3.852599992122842,100.0,0
2025-09-26 00:14:46.396824,2.2868554419506744,23.01212872316246,4.951290815478035,99.3326341376231,0
2025-09-26 01:14:46.396824,2.0004840573582245,26.711796005779476,9.284540717223727,98.57963891958914,0
2025-09-26 02:14:46.396824,2.188595835032969,22.710222530372448,8.455086340201422,99.14683130008125,0
2025-09-26 03:14:46.396824,2.331648468226114,19.585353698006443,5.872647339348064,100.0,0
2025-09-26 04:14:46.396824,2.091207790876922,20.117372686350514,5.076006956336401,100.0,0
2025-09-26 05:14:46.396824,2.4084377603240252,25.144254839984146,5.240062653436523,100.0,0
2025-09-26 06:14:46.396824,2.2250092797287455,25.779167505164445,6.227035945460833,98.95002833372475,0
2025-09-26 07:14:46.396824,2.298582464484409,22.287050124686775,2.954414869603189,98.2992202420617,0
2025-09-26 08:14:46.396824,2.248307557967496,26.915777376332123,4.48524692515331,99.5396838421016,0
2025-09-26 09:14:46.396824,2.7507737950456326,20.01543981319312,1.662831852244821,97.6103181494672,0
2025-09-26 10:14:46.396824,2.3892277544550775,24.80176060405805,5.798446245210559,99.68188514905452,0
2025-09-26 11:14:46.396824,2.191931979707364,21.36695140071263,6.294391879405482,99.19107476841074,0
2025-09-26 12:14:46.396824,2.57946620999257,23.044491676593523,4.033627075401252,98.85260077268086,0
2025-09-26 13:14:46.396824,2.182205836890476,25.142196013949242,8.147973526580065,97.70389412712198,0
2025-09-26 14:14:46.396824,2.479497094109053,22.418759904148143,2.5484686739953175,99.79215722079817,0
2025-09-26 15:14:46.396824,2.057070829833424,23.846333367310525,2.0712502395803596,98.72581619440622,0
2025-09-26 16:14:46.396824,2.194577008956603,28.018878427643322,5.448903637119944,98.06856011819754,0
2025-09-26 17:14:46.396824,2.5107229392739963,23.269324391430555,7.094196605224309,96.34617466046585,0
2025-09-26 18:14:46.396824,2.630105826856213,27.507076336195425,8.367855382915737,99.17088188853654,0
2025-09-26 19:14:46.396824,2.527671579225391,21.610879436027147,4.0822314742621195,100.0,0
2025-09-26 20:14:46.396824,2.481175532095171,26.589412533745847,7.157361666862592,100.0,0
2025-09-26 21:14:46.396824,2.4549118409545847,29.3247058619737,4.922983060998585,98.68118029651994,0
2025-09-26 22:14:46.396824,2.230173984522636,17.585066499618133,4.654745400118361,98.51602441258412,0
2025-09-26 23:14:46.396824,2.392572052497194,22.60931423358857,6.767319874973345,99.56697064886059,0
2025-09-27 00:14:46.396824,2.4549906718447945,26.73121638154162,6.304645756826839,98.07977087343696,0
2025-09-27 01:14:46.396824,2.7690337481054823,24.39086384187102,1.8472156860315012,99.35990813228439,0
2025-09-27 02:14:46.396824,2.636735520973208,26.113437620113928,7.9530806994517915,99.8041564306893,0
2025-09-27 03:14:46.396824,2.2257164279541706,23.18804443985254,7.760182708294903,100.0,0
2025-09-27 04:14:46.396824,2.653362251287712,25.259769362418698,3.748874596980941,98.89784191550402,0
2025-09-27 05:14:46.396824,2.5216567832754384,24.53296829382376,5.791607066874818,98.77428216164668,0
2025-09-27 06:14:46.396824,2.4733218007324806,28.50334618497942,5.988060372565478,98.07993324490677,0
2025-09-27 07:14:46.396824,2.740978010417042,25.76326252990364,5.521347531647814,98.11099539746314,0
2025-09-27 08:14:46.396824,2.8346812256284575,26.012807986225607,3.8993896923091595,98.69135677944116,0
2025-09-27 09:14:46.396824,2.8244763717821266,23.764369101632596,3.656753264123897,99.26516109799854,0
2025-09-27 10:14:46.396824,2.480014785983064,23.53718132778252,4.9488918580171095,99.79134013725529,1
2025-09-27 11:14:46.396824,2.595551147465161,23.702325436541138,7.345458038518729,98.05453648018137,0
2025-09-27 12:14:46.396824,2.7330775200149873,26.18335642713489,6.087200309188865,100.0,0
2025-09-27 13:14:46.396824,2.871259455591756,23.737046557539212,4.258771335827788,98.54651166949851,0
2025-09-27 14:14:46.396824,2.589534087336175,25.869324570689237,6.54339742129669,98.77622789603232,0
2025-09-27 15:14:46.396824,2.6573470925478135,31.226202395936316,0.0,98.03034343107262,0
2025-09-27 16:14:46.396824,2.482211851417472,27.613374110295076,7.297531400744207,96.33327476978718,0
2025-09-27 17:14:46.396824,2.473126059650204,24.021929403496475,1.5205724424438007,99.62152034626085,1
2025-09-27 18:14:46.396824,2.883648259296404,28.603641766491833,4.275118117193736,99.4542787668319,0
2025-09-27 19:14:46.396824,3.0010525930507095,23.775773880935347,2.7606602107477123,98.41606723246095,0
2025-09-27 20:14:46.396824,2.723948465861727,18.88562639446644,2.4106370485581885,98.7443454266437,0
2025-09-27 21:14:46.396824,2.947486029381834,21.97574106724779,7.321653574757039,99.17325384696262,0
2025-09-27 22:14:46.396824,2.827417336207079,19.387624236922434,4.064597597376217,97.07472869221165,0
2025-09-27 23:14:46.396824,2.63425726715667,23.945459547876073,5.693007763461432,98.08818179159158,0
2025-09-28 00:14:46.396824,2.8436305342049786,25.055255137568654,4.906158842241632,99.39145906839939,0
2025-09-28 01:14:46.396824,3.0869067513743738,30.02931193682585,5.954081654446243,97.32286488544798,0
2025-09-28 02:14:46.396824,2.7799588263460153,25.98078212129249,5.15364378212051,98.85067216062355,0
2025-09-28 03:14:46.396824,3.1077526932324457,24.34269841357341,2.4340155516228608,97.1804923436732,0
2025-09-28 04:14:46.396824,2.2784489814195172,27.488216743550467,6.99253363889428,98.9834640505698,0
2025-09-28 05:14:46.396824,2.974225455936542,18.366594072976344,4.012486833677375,98.46135250567848,0
2025-09-28 06:14:46.396824,2.834573054708052,25.706843674325697,1.886836202680498,96.86182209191011,0
2025-09-28 07:14:46.396824,2.7645514309752035,27.3125955816609,4.143769678068175,99.62165318211248,0
2025-09-28 08:14:46.396824,2.8497637517256846,20.564241262660474,8.00151958126862,97.70228217069693,0
2025-09-28 09:14:46.396824,2.4408248262034773,28.431262129620787,6.7004434842269855,97.60658123032029,0
2025-09-28 10:14:46.396824,2.801198464485186,26.015489222483243,4.302695731184282,98.59736278440529,0
2025-09-28 11:14:46.396824,2.9232157334073765,23.754136258297596,4.301484591363143,99.52539085644274,0
2025-09-28 12:14:46.396824,3.153897494329005,26.898345598318855,4.356729897565235,97.3408916078753,0
2025-09-28 13:14:46.396824,2.761054163692779,31.81207857341319,9.153495967121682,98.39835319654136,0
2025-09-28 14:14:46.396824,2.709262052426066,25.545598765175484,5.763870904463107,98.74544976686363,1
2025-09-28 15:14:46.396824,2.7767239833263817,25.744661758901007,5.8600832943821395,98.9896987936359,0
2025-09-28 16:14:46.396824,3.066131519543278,23.621917301379266,7.060566908063684,98.45299466148964,0
2025-09-28 17:14:46.396824,2.9546371603569455,22.450466891605625,5.477578318053027,97.88948518696878,0
2025-09-28 18:14:46.396824,2.7886299542497888,27.491007449632736,4.481915708358594,97.40888272524307,0
2025-09-28 19:14:46.396824,3.0027888503518527,22.4317485222734,4.607300301830043,98.30257674877784,0
2025-09-28 20:14:46.396824,2.924961674905477,25.214698711658176,4.856797481171872,97.12425377358554,0
2025-09-28 21:14:46.396824,3.104542540043199,23.56702765970465,4.925555526980316,95.25500222191621,0
2025-09-28 22:14:46.396824,2.775526041385521,26.436939477239175,6.4552590872739595,98.59287242940817,0
2025-09-28 23:14:46.396824,2.8553822789673085,26.000986315860846,5.103891771614599,99.04020738617638,0
2025-09-29 00:14:46.396824,2.8473252672425264,28.112619832773696,6.465280154431158,95.75330002938803,0
2025-09-29 01:14:46.396824,2.6377294739373007,23.469950803435758,4.838566839782835,97.0864616800596,0
2025-09-29 02:14:46.396824,2.9941947186634628,24.190375194119888,5.157270380632181,98.69530656561442,0
2025-09-29 03:14:46.396824,2.9915718325852714,22.06370885265308,1.0035986309357847,100.0,0
2025-09-29 04:14:46.396824,2.9446248042626433,23.667120219771665,6.832655349404963,98.05686585196399,0
2025-09-29 05:14:46.396824,2.900776569168733,26.131901479134555,5.692976951795986,97.28802912289912,0
2025-09-29 06:14:46.396824,2.668561630377534,27.270965849936054,6.996020219719305,97.8130955428631,0
2025-09-29 07:14:46.396824,2.871297772895631,22.233504027467124,0.0,99.35082832295579,0
2025-09-29 08:14:46.396824,2.89052366807703,27.60881776031698,9.176749409561456,97.30994764452277,0
2025-09-29 09:14:46.396824,2.8020989502671823,29.066913576414855,4.720820743689653,97.13667973683671,0
2025-09-29 10:14:46.396824,2.9336326408844964,26.240304709671104,7.216365633475033,97.43308814114462,0
2025-09-29 11:14:46.396824,3.0498823517917755,30.630387437674198,2.9201881457489383,96.94246297490761,0
2025-09-29 12:14:46.396824,3.3493382719449794,22.67863240268928,6.225547810125139,97.99842181900081,0
2025-09-29 13:14:46.396824,3.00989159987372,21.266035890065748,2.8931688736526877,99.48038988131525,0
2025-09-29 14:14:46.396824,3.0292066400402597,19.663839253287165,3.7524620786083895,98.1587506158014,0
2025-09-29 15:14:46.396824,2.9653730514259897,29.48813293446755,8.828062707733572,97.56327776039876,0
2025-09-29 16:14:46.396824,2.5989184059355077,26.963096969062175,4.6186351984733065,97.5037799134492,0
2025-09-29 17:14:46.396824,2.9796246482820483,24.833245987268636,5.434865746359446,96.21236029350774,0
2025-09-29 18:14:46.396824,2.9990722425760183,25.83990587895946,6.740135461377508,98.63862079919124,0
2025-09-29 19:14:46.396824,3.4816170707265215,21.62353285810487,5.991363775945209,97.65763374487096,0
2025-09-29 20:14:46.396824,2.9522822656871743,32.337255938850475,5.3008378102871525,97.53495094813282,0
2025-09-29 21:14:46.396824,3.052692817451788,25.387663545925683,5.729922004932451,100.0,0
2025-09-29 22:14:46.396824,2.986912707322561,25.32818438381468,9.80683117047655,97.97410360976849,0
2025-09-29 23:14:46.396824,2.7614337548588264,27.177299871696075,4.884762405932829,96.9035195711473,0
2025-09-30 00:14:46.396824,3.2248906070806163,26.44302769521014,5.402198093429935,97.20891294487662,0
2025-09-30 01:14:46.396824,3.147711529985224,25.671652072837393,7.1013087920152245,98.7636761701186,0
2025-09-30 02:14:46.396824,3.1563722313951983,22.628576633664064,7.211051865915968,97.70846079129929,0
2025-09-30 03:14:46.396824,2.816971175646427,26.414405071407987,7.37406061112076,96.13687232228384,0
2025-09-30 04:14:46.396824,3.279932151342663,30.6460734894251,6.277460444058369,98.47433915501608,0
2025-09-30 05:14:46.396824,2.7193694139862994,29.036260138464932,2.713990174539033,96.86692605474157,0
2025-09-30 06:14:46.396824,3.1173190395112305,29.77955987991819,8.266863064602191,99.38832783633778,0
2025-09-30 07:14:46.396824,3.438088363993659,23.466352970706446,2.707309213962624,98.57503804567457,0
2025-09-30 08:14:46.396824,2.801781207901347,22.031185539224257,5.605270930478066,97.02762800414085,0
2025-09-30 09:14:46.396824,2.8863617943449116,24.622639239701055,3.4914482999612844,98.7359261813744,0
2025-09-30 10:14:46.396824,3.0191261561727876,25.167174736866084,4.871723306814015,97.50272525000636,0
2025-09-30 11:14:46.396824,2.897917038159404,28.282574555412847,5.657524820606961,98.26760333444086,0
2025-09-30 12:14:46.396824,2.687737603985624,19.92260611085554,5.642714430900546,97.87952239645278,0
2025-09-30 13:14:46.396824,3.0106829592671276,29.58865095838184,5.84384150847057,96.52839284400713,0
2025-09-30 14:14:46.396824,2.7834517910928795,24.525976304263033,8.227422538117294,96.71115958652021,0
2025-09-30 15:14:46.396824,3.08941545246629,23.71935679015774,5.90706860302796,98.36463015625851,0
2025-09-30 16:14:46.396824,2.8094390074895763,21.963686874219498,4.511686729418702,96.97985392641048,0
2025-09-30 17:14:46.396824,3.3017802963124088,20.03542998440269,6.928174336576714,96.89094071511472,0
2025-09-30 18:14:46.396824,2.8334552331873994,27.469511751885744,7.378940977849281,96.31942651884704,0
2025-09-30 19:14:46.396824,2.923849247409898,25.219953901565212,2.544784369726015,97.67810808362954,0
2025-09-30 20:14:46.396824,3.148964127886878,21.13011730077684,6.194800139699716,99.29699385711889,0
2025-09-30 21:14:46.396824,2.7379307465596296,21.11476368380915,6.402345484621796,96.14689594346116,0
2025-09-30 22:14:46.396824,3.027282655519299,23.992645902129617,4.404872993280016,97.21860823422786,0
2025-09-30 23:14:46.396824,3.240750777859449,30.007064575868178,7.751413626623239,98.58656925281022,0
2025-10-01 00:14:46.396824,2.655202029110341,24.221225945909186,4.699888825934947,97.07466722598875,0
2025-10-01 01:14:46.396824,3.0108472028934092,20.49057114064568,5.2511529069430845,97.58664033332388,0
2025-10-01 02:14:46.396824,3.0229644913764364,24.262770807742168,4.65385635143226,96.05183492876694,1
2025-10-01 03:14:46.396824,3.124266218859564,24.181829290756987,5.031158095162935,97.52249547396116,0
2025-10-01 04:14:46.396824,2.7172719137633257,16.909340071175286,2.8074498262095964,96.88700403158865,0
2025-10-01 05:14:46.396824,2.697178357314781,24.837115400446564,2.1198982348114113,98.03983821211273,0
2025-10-01 06:14:46.396824,3.062113366905076,24.307196409373965,8.189010126449944,98.22145418783731,0
2025-10-01 07:14:46.396824,3.013425673549325,27.088619094440254,3.3060773033633444,99.60359169813084,0
2025-10-01 08:14:46.396824,3.0002798908024797,30.546868284836037,3.0172153010873854,97.57362114916549,0
2025-10-01 09:14:46.396824,3.0154730505440464,28.379695088643274,0.6932197727925704,97.29974421237375,0
2025-10-01 10:14:46.396824,2.8060306915280226,24.19333392833551,3.7220765046209956,97.1482921172086,0
2025-10-01 11:14:46.396824,2.9841893987053143,21.68042227377499,2.3538204131850033,96.58070144266026,0
2025-10-01 12:14:46.396824,2.991907654166714,32.72007940974958,8.284030320272738,97.25231149877231,0
2025-10-01 13:14:46.396824,2.785829557037952,25.177655302043465,7.019634178685268,96.59838616501126,0
2025-10-01 14:14:46.396824,3.2971143324209615,25.041787875738837,3.6236993096445524,97.0422084712596,0
2025-10-01 15:14:46.396824,3.0138392631428577,24.92762473866999,9.504871610688618,98.17130495043762,0
2025-10-01 16:14:46.396824,2.675779661493436,25.594254282303567,6.963530973983189,95.8271247693897,0
2025-10-01 17:14:46.396824,3.0401739948799538,24.566918764228173,4.350337232982755,97.95350581563807,0
2025-10-01 18:14:46.396824,2.7086059015427586,23.27901397935929,0.0011885702528537934,98.11070224168857,0
2025-10-01 19:14:46.396824,3.05549501175702,23.359423176278824,9.581885145181484,96.65547856719729,0
2025-10-01 20:14:46.396824,3.1241908206509703,24.901740189352005,2.220855066472808,94.63165211501946,0
2025-10-01 21:14:46.396824,2.7225875014049907,23.369725686598706,1.7092025060862164,96.12564494677329,0
2025-10-01 22:14:46.396824,3.073511007887367,22.86146265196851,7.045140864019281,98.01042140026853,0
2025-10-01 23:14:46.396824,2.9573642737227646,25.31929068307569,9.879504812678546,96.6705187112482,0
2025-10-02 00:14:46.396824,3.0330538706579016,24.235068347737435,7.768545637021036,95.67404446109187,1
2025-10-02 01:14:46.396824,3.241696606177798,29.511978965748064,6.12781824010472,96.14853169199823,0
2025-10-02 02:14:46.396824,2.80681997652722,17.047090574820963,6.189508683330572,97.47388655957069,0
2025-10-02 03:14:46.396824,2.698574396090466,28.274520555767385,6.706831117560616,97.15996002110718,0
2025-10-02 04:14:46.396824,2.6647082529557418,28.738255577492886,6.5178571795735305,96.3542542735758,0
2025-10-02 05:14:46.396824,2.6726051353284457,18.779829302775553,5.562382847938752,96.20632188077047,0
2025-10-02 06:14:46.396824,2.813370531375725,23.971937217758953,5.208402207903752,96.16134806338103,0
2025-10-02 07:14:46.396824,2.8899136815954747,23.885677402012625,4.874813744200956,95.61065594776602,0
2025-10-02 08:14:46.396824,2.8697837180393364,20.777464915846537,3.4920708222666477,98.12840174157365,0
2025-10-02 09:14:46.396824,2.97251548403275,22.666549937227373,4.438649846266452,96.17066550273255,0
2025-10-02 10:14:46.396824,2.8021846599386784,21.668272463602513,1.614086371609229,97.69010441260906,0
2025-10-02 11:14:46.396824,3.0826699026378446,30.256811330270867,4.8033207464105,97.97422186354571,0
2025-10-02 12:14:46.396824,2.7312850915862685,27.807035179442384,3.022817785698165,97.43117662961089,0
2025-10-02 13:14:46.396824,3.3203794549088084,28.814665284982475,2.792821365568458,95.98120533858456,0
2025-10-02 14:14:46.396824,2.89348529344837,27.165016192129706,5.359788302306957,96.79651566147889,0
2025-10-02 15:14:46.396824,2.5888048199570832,21.61284468634831,7.784004572689199,96.34854988459105,0
2025-10-02 16:14:46.396824,2.537821929381188,23.42643920116068,6.836633212004626,95.44900355009152,0
2025-10-02 17:14:46.396824,2.8401399046418345,26.468123683683753,1.858998792753646,96.65702461238293,0
2025-10-02 18:14:46.396824,2.6904800752775495,21.333616573324164,3.020743726859325,95.13358545934119,0
2025-10-02 19:14:46.396824,2.8693835020182235,27.138995290517165,6.881542375976432,97.48026455880225,0
2025-10-02 20:14:46.396824,2.8125266194792546,24.279023805525593,3.035025212923381,95.80792779288197,0
2025-10-02 21:14:46.396824,2.69449530253246,23.875537577351206,4.550733700005951,96.45366466589289,0
2025-10-02 22:14:46.396824,2.5307720277193275,27.132879904610476,6.100104198049104,96.51575280140585,0
2025-10-02 23:14:46.396824,2.3881201228574747,26.33278993445812,3.0633110902727294,95.95351987599533,0
2025-10-03 00:14:46.396824,2.5926359160211434,23.91710150254276,5.21075101229192,96.77907857101435,0
2025-10-03 01:14:46.396824,2.8439599954396124,28.477989410092743,2.331949010163591,95.69744103275623,0
2025-10-03 02:14:46.396824,2.7061337734708752,21.75681001720031,3.7972647120975727,97.02360190667568,0
2025-10-03 03:14:46.396824,2.404696998205576,26.84780682083279,5.639563868285074,94.78628484881138,0
2025-10-03 04:14:46.396824,2.678907109597924,26.779303773905152,1.8140125329366614,96.2386040284442,0
2025-10-03 05:14:46.396824,2.711658528375198,24.071360682058028,5.880949475920798,98.03111336779577,0
2025-10-03 06:14:46.396824,2.4480471832203685,25.978399066726354,4.960724402146638,95.07181296397158,0
2025-10-03 07:14:46.396824,2.6456883481368965,21.24665927084409,6.104979908834295,95.37435923789198,0
2025-10-03 08:14:46.396824,2.6166123296807897,27.772081057620703,5.447828268129323,96.54597197791543,0
2025-10-03 09:14:46.396824,2.3663079675526806,24.44529359067103,7.728280859947688,96.1916058300358,0
2025-10-03 10:14:46.396824,2.656296717101971,23.431830938442882,5.250449005295814,96.34261406720942,0
2025-10-03 11:14:46.396824,2.68664075463213,28.147027677510668,4.141188917749494,96.46113101792322,0
2025-10-03 12:14:46.396824,2.7807477130272833,22.886968928371722,5.244595006064568,96.58662527617699,0
2025-10-03 13:14:46.396824,2.764462139246732,20.77461611090932,6.086596058072776,97.04156356941114,0
2025-10-03 14:14:46.396824,2.2676444219675798,20.330112479428287,5.0977201406514085,96.3216423042231,0
2025-10-03 15:14:46.396824,2.345003823314839,26.81802985403692,5.081183382407764,95.65052591251573,0
2025-10-03 16:14:46.396824,2.6248820698719455,21.15871194251115,3.5960166243864893,96.54431718817668,0
2025-10-03 17:14:46.396824,2.613855734872177,30.264382545953094,3.6741981648981037,97.75158534170885,0
2025-10-03 18:14:46.396824,2.603250660162885,18.754211776348832,2.194789456400613,95.69902958027075,0
2025-10-03 19:14:46.396824,3.259850768843453,30.089369104870116,8.499153486373878,94.83709394182235,0
2025-10-03 20:14:46.396824,2.5924684224562045,25.633052401607856,2.51227352921743,96.89866383561964,0
2025-10-03 21:14:46.396824,2.6943135442228248,24.709860664388824,3.6141896044081854,95.65116192221875,0
2025-10-03 22:14:46.396824,2.6468368674866083,23.36524273957315,3.5631854688616054,93.578833459998,0
2025-10-03 23:14:46.396824,2.5750786345705885,26.197408343056214,6.789848753888883,96.57888460300212,1
2025-10-04 00:14:46.396824,2.370439955451051,24.887095892725455,4.410100643415944,95.17609465973746,0
2025-10-04 01:14:46.396824,2.573912409881821,28.309905646049565,7.495484145347468,95.6008494832269,0
2025-10-04 02:14:46.396824,2.256111427274648,25.34268294598612,3.653018751512263,96.00332301593976,0
2025-10-04 03:14:46.396824,2.3518056084778,25.450905284385634,5.557988324447604,95.84180228498948,0
2025-10-04 04:14:46.396824,2.290526257700039,23.90916336335843,3.3293058934804853,96.34071434218914,0
2025-10-04 05:14:46.396824,2.392342042944788,24.829163128836797,9.290298255546777,95.17573607431993,0
2025-10-04 06:14:46.396824,2.8272076288538424,25.923405306676177,2.6248031619409744,96.10428816290555,0
2025-10-04 07:14:46.396824,1.9790738818220837,19.869494822030124,5.619641420454055,95.31159560698522,0
2025-10-04 08:14:46.396824,2.4779741284641146,20.955443733682863,6.267553761864197,96.28991268529633,0
2025-10-04 09:14:46.396824,2.006320121128714,27.229792282068146,5.827598194902997,96.14642960826154,0
2025-10-04 10:14:46.396824,2.2225660403632395,25.512596314383824,4.629424682244584,94.57558334204359,0
2025-10-04 11:14:46.396824,2.5227814507442665,24.448049990941964,4.740358600533147,96.57696408010288,0
2025-10-04 12:14:46.396824,2.305837947123825,25.05530179919618,5.087622943958219,94.93497843865349,0
2025-10-04 13:14:46.396824,2.065377195897067,26.042745116085012,4.705995996743023,96.25895960188835,0
2025-10-04 14:14:46.396824,2.125765123483004,23.380720959071915,6.927758233589819,95.79814903684823,0
2025-10-04 15:14:46.396824,2.3926025511447064,22.665085823793063,9.421046003182703,97.2490053200817,0
2025-10-04 16:14:46.396824,2.0984261564483115,25.587535765293044,3.885016429984333,95.1673155807544,0
2025-10-04 17:14:46.396824,2.2755689572328435,22.064881667154904,2.2603940408418444,95.02142468684772,0
2025-10-04 18:14:46.396824,2.2291325747256288,26.224758267143415,4.82343590329749,95.33128179691788,0
2025-10-04 19:14:46.396824,2.077404257195618,19.89224918728648,10.159418675308636,95.027481539811,0
2025-10-04 20:14:46.396824,2.6241863642563414,28.087466911976932,3.3926508640605384,96.11056314442702,0
2025-10-04 21:14:46.396824,2.3098236226019293,26.41779244723913,8.278233610888135,93.67427055388806,0
2025-10-04 22:14:46.396824,1.7656245818980598,25.768089202941628,8.355401628152881,94.21685866301797,0
2025-10-04 23:14:46.396824,2.195530214482239,27.948072951836544,3.892823516584011,94.18269808042483,0
2025-10-05 00:14:46.396824,2.0134432482252187,29.99642333338773,6.137966158370551,96.18076851381726,0
2025-10-05 01:14:46.396824,2.303825305254244,28.043110195054393,8.256793246257075,96.9210342142653,0
2025-10-05 02:14:46.396824,1.962351468961406,19.477377306005064,4.241744518025026,95.08593154298558,0
2025-10-05 03:14:46.396824,2.085406165060527,21.161269099792896,4.592839279795276,95.00151895817272,0
2025-10-05 04:14:46.396824,2.1968315843568784,23.125544266912964,3.8366381721027123,95.22035276431558,0
2025-10-05 05:14:46.396824,2.2564506639686317,25.0782731506325,2.9704865386142663,96.29213882365028,0
2025-10-05 06:14:46.396824,1.8306926469342941,26.55297706140737,3.701444909867986,94.1828673066912,0
2025-10-05 07:14:46.396824,1.9912927783848258,22.822768560539604,2.552119466475487,95.32854934345623,0
2025-10-05 08:14:46.396824,1.9506358436596745,25.560300293431236,5.068166936518452,96.04533791034355,0
2025-10-05 09:14:46.396824,1.9023837134416257,22.73385120294003,3.4600535378827164,95.55119437034065,0
2025-10-05 10:14:46.396824,2.373559827541638,23.165446591024157,5.467571823581496,95.21964173683922,0
2025-10-05 11:14:46.396824,2.088881499239177,20.78001670945533,1.8882087075927454,96.0110661326473,0
2025-10-05 12:14:46.396824,1.743123294855502,22.23030026166729,5.661760464428914,92.2867476669206,0
2025-10-05 13:14:46.396824,2.166288148202198,20.944946183151,6.6670579232178495,95.64781519929043,0
2025-10-05 14:14:46.396824,2.394565408817055,22.072380241068004,1.0125287148570892,94.29582411647176,0
2025-10-05 15:14:46.396824,2.164050362430357,28.160925389823518,5.748113139695144,93.09922682258242,0
2025-10-05 16:14:46.396824,1.6411131802957972,22.15180333350417,7.455337984946585,95.42102223880353,0
2025-10-05 17:14:46.396824,1.835578935254551,32.897146194512175,2.580717962617589,96.26343810428119,0
2025-10-05 18:14:46.396824,2.1732572587148833,26.479953702642668,8.345144773675408,94.73229096433022,0
2025-10-05 19:14:46.396824,1.7658031053507977,25.554508371084623,5.838038018732091,95.80257394600054,0
2025-10-05 20:14:46.396824,1.9835775300767307,22.42492665945636,3.5899762884831823,96.44193757662592,0
2025-10-05 21:14:46.396824,2.03723376098641,27.100929638226972,4.8884618446845876,96.12453369206101,0
2025-10-05 22:14:46.396824,1.6844328025836317,23.27308652128668,6.116653825043445,96.42954368768802,0
2025-10-05 23:14:46.396824,1.8454463909443635,25.366029443936085,5.152010782824823,95.51166656922821,0
2025-10-06 00:14:46.396824,1.1966531527065982,32.68025361480638,6.077511984892738,94.82493263689759,0
2025-10-06 01:14:46.396824,1.6276088153924755,24.71182030082605,3.1586528138412673,93.1274931059385,0
2025-10-06 02:14:46.396824,1.7695789678732579,28.447819978857027,5.3387216480721555,94.46335634954539,0
2025-10-06 03:14:46.396824,1.5581707107813292,22.89047072462234,2.1725710061900396,93.84613216219884,0
2025-10-06 04:14:46.396824,2.1218748099760187,24.895034528509115,4.7775478773026,96.84028139485252,0
2025-10-06 05:14:46.396824,1.497061882245789,30.31240190690653,3.1921847170704205,94.47341278476205,0
2025-10-06 06:14:46.396824,1.6828132242867175,23.119098826636698,3.528940114820467,94.75246332381856,0
2025-10-06 07:14:46.396824,1.784738499077331,30.437345673990787,7.472186350420875,95.1607038129142,0
2025-10-06 08:14:46.396824,2.034651538949887,27.123255806366426,7.182620241188538,94.6327808030859,1
2025-10-06 09:14:46.396824,1.4470711152007243,23.312599672317198,6.218276241814354,96.26418931698386,0
2025-10-06 10:14:46.396824,1.9547650518499988,26.897223217166562,2.815374470654842,93.92644883465834,0
2025-10-06 11:14:46.396824,1.7121116795201479,27.91766334888019,4.367183100610396,94.72366557146971,0
2025-10-06 12:14:46.396824,1.5017420241805928,26.86542988665159,7.426195399958367,93.7665474503741,0
2025-10-06 13:14:46.396824,1.7784909614822169,20.28932584032863,5.28343382727981,93.16895544469112,0
2025-10-06 14:14:46.396824,1.713958439563002,22.818588472525395,9.63865907996339,93.85716878484622,0
2025-10-06 15:14:46.396824,1.5422309689534752,24.257444093345487,5.786635678788744,94.41186099854276,0
2025-10-06 16:14:46.396824,1.6644160958029195,24.776699712699862,5.3840982329800635,93.99955549091361,0
2025-10-06 17:14:46.396824,1.5616296562275183,26.862016292652033,4.3817670715949975,93.71639665539668,0
2025-10-06 18:14:46.396824,1.6496897669443258,25.533103002799763,5.267081809564565,92.98246009143838,0
2025-10-06 19:14:46.396824,1.7477654346520946,20.993966923869696,4.695060327238912,94.2856319023212,0
2025-10-06 20:14:46.396824,1.9209565890934368,26.14059355301789,6.416217353377181,92.84397702075859,0
2025-10-06 21:14:46.396824,1.3446668115317646,26.83175723585147,6.913404633589169,95.08871327831886,0
2025-10-06 22:14:46.396824,2.0073778560909608,26.679371343793118,3.4280210789841012,94.39105698740345,0
2025-10-06 23:14:46.396824,1.1789612904319335,28.242342176663865,2.337534092884444,92.83102565484369,0
2025-10-07 00:14:46.396824,1.5276977041879305,27.50176646364671,1.3275892537934069,93.95932799709844,0
2025-10-07 01:14:46.396824,1.6644640345977946,26.37754023768531,6.015982653825088,93.49634058839739,0
2025-10-07 02:14:46.396824,1.5918166166797942,24.78950286562406,2.793266787652253,94.54763142424683,0
2025-10-07 03:14:46.396824,1.399969539836722,20.017117199452024,0.6942188140950343,95.54886727969047,0
2025-10-07 04:14:46.396824,1.4718515046943443,26.288854657397756,5.7771572090619285,92.31320428386127,0
2025-10-07 05:14:46.396824,1.4039193366286813,25.623063061489333,9.985999034865582,94.2833627524941,0
2025-10-07 06:14:46.396824,1.3737689341239665,25.81473651158612,4.987858176920214,93.98816379761973,0
2025-10-07 07:14:46.396824,1.6507651828755017,21.169754272539073,6.676981548903283,94.79959658947652,0
2025-10-07 08:14:46.396824,1.541532964724856,21.756830378775213,5.16365871709513,94.32141306110341,0
2025-10-07 09:14:46.396824,1.3209169757149264,28.15945855999871,4.8022206936177145,93.3362070209666,0
2025-10-07 10:14:46.396824,1.6288735040440563,24.881334538430036,6.838152965975537,93.74908233687847,0
2025-10-07 11:14:46.396824,1.499955344499883,27.044502092117874,4.419450911622698,93.25207033558128,0
2025-10-07 12:14:46.396824,1.5906987090346374,25.084955128391382,5.534784628143806,95.10406325082305,0
2025-10-07 13:14:46.396824,1.5437734744816123,25.089268418487237,5.643395612392027,94.02932768073607,0
2025-10-07 14:14:46.396824,1.2418623285971002,27.814851417927994,3.6638190927139025,95.88916663765681,0
2025-10-07 15:14:46.396824,1.2855325646444933,23.45186581534788,6.984084699073046,93.90727505792887,0
2025-10-07 16:14:46.396824,1.537030351332639,25.28836233082295,4.650080486609182,93.23948902467271,0
2025-10-07 17:14:46.396824,1.4997455401321245,23.613174133884872,3.4885096810143104,92.41414131881002,0
2025-10-07 18:14:46.396824,1.3636895921318597,23.696511317703052,6.073019687140807,92.10467595500658,0
2025-10-07 19:14:46.396824,1.381633931024484,24.072483629594082,3.2030640364179255,92.30363960809672,0
2025-10-07 20:14:46.396824,1.6041016330768232,25.666401314901137,5.056362314738257,94.13486212195336,0
2025-10-07 21:14:46.396824,1.220757752285598,23.563754135009567,4.981762006711593,94.3564204140115,0
2025-10-07 22:14:46.396824,1.4390995631148955,28.767268376720562,7.171791131663156,92.24646460858911,0
2025-10-07 23:14:46.396824,1.2799557814542215,22.316178093341488,5.949396465759905,94.70265354453704,0
2025-10-08 00:14:46.396824,1.2676799353097534,24.43938506751592,4.949946082509713,93.30451409861716,0
2025-10-08 01:14:46.396824,1.521902502994681,23.680806825177477,6.635532598400574,93.91432808212583,0
2025-10-08 02:14:46.396824,1.4582718880599328,29.3409336530612,7.780415098034627,95.35971561823538,0
2025-10-08 03:14:46.396824,1.4470439790396918,25.589664329534724,6.115620612703724,94.62429422568518,0
2025-10-08 04:14:46.396824,1.5367045959181298,28.095533618405906,5.0207052396867615,93.43888418175348,0
2025-10-08 05:14:46.396824,1.2711911177375608,20.543318880889082,2.376327535299681,92.79618252408372,0
2025-10-08 06:14:46.396824,1.394878555903569,25.801150797607775,2.869772673849255,91.51551926800937,0
2025-10-08 07:14:46.396824,1.1880496665150466,27.66889238687031,4.389550591290664,92.92814126993594,0
2025-10-08 08:14:46.396824,1.3066701165206613,25.246851967826274,3.7809755956814337,93.41612427019034,0
2025-10-08 09:14:46.396824,1.2076621445715885,28.196441125196053,4.626057394029108,92.62003490170653,0
2025-10-08 10:14:46.396824,1.245065229312587,23.448134649698883,5.113299849794214,93.4559173816051,0
2025-10-08 11:14:46.396824,1.33679536470761,29.22804232055674,6.059385508713461,93.64398615149584,0
2025-10-08 12:14:46.396824,1.0463416402828332,31.89669437085775,4.859002443881818,93.32223820656867,0
2025-10-08 13:14:46.396824,1.620810175322006,23.911484318681023,5.9730032876524035,92.87705152739298,0
2025-10-08 14:14:46.396824,0.9936025252114145,23.663492435797686,5.12894882962024,93.67566870002284,0
2025-10-08 15:14:46.396824,0.9445690904662902,29.360153431353105,1.0490668672922574,93.9289145974652,0
2025-10-08 16:14:46.396824,1.4117585013385652,29.73871643719214,3.1213292123624914,92.37653479029264,0
2025-10-08 17:14:46.396824,1.331328232679871,23.431419918540193,4.7118248885567695,94.85782616732142,0
2025-10-08 18:14:46.396824,1.2908100091454546,23.73943954871243,2.580610514317785,93.32826557513057,0
2025-10-08 19:14:46.396824,1.2847775942536976,24.154646173418477,6.199857459992409,93.42566325019935,0
2025-10-08 20:14:46.396824,1.149914768612666,20.96664846689717,8.061501664687395,94.09498797035076,0
2025-10-08 21:14:46.396824,0.9663031319844979,22.244044160547404,7.437523703394634,93.59994959819737,0
2025-10-08 22:14:46.396824,1.154440100277978,21.987577699743795,4.573114258139584,94.2998300206868,0
2025-10-08 23:14:46.396824,0.9975083534625824,22.696607304687614,7.9814522736999045,93.61377747181506,0
2025-10-09 00:14:46.396824,1.3217634782610599,24.895945337839656,5.297334914404223,92.69417585181247,0
2025-10-09 01:14:46.396824,1.0912652019441254,25.702644197609562,4.325828057763921,93.64807667149869,0
2025-10-09 02:14:46.396824,0.949653656669154,29.65150147844223,3.7731946729181205,92.1228068588116,0
2025-10-09 03:14:46.396824,1.0446925547993662,22.004937877783625,4.395060627023743,93.35505269174847,0
2025-10-09 04:14:46.396824,1.1859137664027766,27.95296719542975,4.223646362917543,93.19322291516717,0
2025-10-09 05:14:46.396824,0.985082336364044,24.358033467323473,5.340832444750975,92.99829596837876,0
2025-10-09 06:14:46.396824,0.9280258292987723,24.8516088710427,5.3211479620997295,93.05783523405205,0
2025-10-09 07:14:46.396824,1.135993750826656,27.02445847649981,5.006092040306829,91.28448361983301,0
2025-10-09 08:14:46.396824,1.1311805872482326,21.631833935313104,5.8738763394927,92.59756767742938,0
2025-10-09 09:14:46.396824,0.9758749696887346,26.147229238552153,7.381292549572683,93.21909740615114,0
2025-10-09 10:14:46.396824,0.9782784224463784,25.49935662463917,6.899108270882648,93.2660688168471,0
2025-10-09 11:14:46.396824,1.1142654536041947,26.47735379202445,2.030204063100193,92.05849720376341,0
2025-10-09 12:14:46.396824,0.7737556175690359,25.867505931723453,0.0,94.33184010539377,0
2025-10-09 13:14:46.396824,0.7775450979364698,32.36590041973268,6.868639822478547,92.17991733615423,0
2025-10-09 14:14:46.396824,0.9111634092503714,23.08678004724605,2.266242603169158,93.99550930473515,0
2025-10-09 15:14:46.396824,1.0081269205270924,23.407009134994546,4.550469196214633,93.43320638591977,0
2025-10-09 16:14:46.396824,1.109112297261297,23.13057842072571,2.659773947881281,92.33974463404397,0
2025-10-09 17:14:46.396824,1.3382674121207119,23.333568642519236,1.3960391248399606,94.74124275633697,0
2025-10-09 18:14:46.396824,1.211145020782085,23.087838618080447,6.082925456409576,91.75225495181066,0
2025-10-09 19:14:46.396824,1.0041944278845307,28.567049593322654,6.518310320605294,93.84500587701682,0
2025-10-09 20:14:46.396824,1.0291005837678444,29.261512743969565,3.846979198546561,93.90639394128947,1
2025-10-09 21:14:46.396824,0.8292728168606178,23.287761118751572,0.0,92.21515133400953,0
2025-10-09 22:14:46.396824,1.0231045949709205,22.502933280687316,3.9075111034950343,94.25819676299018,0
2025-10-09 23:14:46.396824,0.9662581653421922,26.414246669159212,5.783608010805093,92.59564486816659,0
2025-10-10 00:14:46.396824,1.085870860947294,23.343330867157086,2.0421768624517425,93.11434493188507,0
2025-10-10 01:14:46.396824,0.8533732224565107,26.898795453266533,5.3667198395583116,93.06593306121611,0
2025-10-10 02:14:46.396824,1.1203363800229402,25.6087690625539,4.969380301654009,92.65126240081402,0
2025-10-10 03:14:46.396824,1.3208183020764426,20.452767655008305,6.158582999202177,93.57633933528403,0
2025-10-10 04:14:46.396824,0.9904780562797886,29.642515603990184,5.239160736828307,93.53897970251614,0
2025-10-10 05:14:46.396824,1.0906884442530758,30.387633019286564,3.0538621182368892,90.97691892856542,1
2025-10-10 06:14:46.396824,1.1466476577985862,23.16163392854684,7.393143003328983,94.00975106452144,0
2025-10-10 07:14:46.396824,0.9268045440311906,23.83689532019205,4.68294085394606,91.0228787534473,0
2025-10-10 08:14:46.396824,1.0504541817499062,25.857596172174716,4.945390920980136,93.6978768656643,0
2025-10-10 09:14:46.396824,1.0068987043408653,26.003370369961075,3.133464081853608,93.77199571798991,0
2025-10-10 10:14:46.396824,1.0228176733536714,26.97563281801849,4.11343549761698,91.5342840707868,0
2025-10-10 11:14:46.396824,0.8477405908646783,31.03061361629905,3.2303945719461984,92.1943961328871,0
2025-10-10 12:14:46.396824,1.0064626898783646,24.469158317517852,4.654107880153154,91.47946567219542,0
2025-10-10 13:14:46.396824,1.1005365579050173,22.60510826638464,8.423416960284687,92.35020923023231,0
2025-10-10 14:14:46.396824,1.2907001018759678,20.86204231595642,2.2561977141372873,92.23705589617498,0
2025-10-10 15:14:46.396824,1.1920183359577246,22.80720988017424,1.7728772042465177,93.30471063246975,0
2025-10-10 16:14:46.396824,1.4306518110866218,24.900619081378608,7.942340654987217,93.81531876615968,0
2025-10-10 17:14:46.396824,0.8465553378459351,30.383673590553364,4.581352645696268,93.88065375066972,0
2025-10-10 18:14:46.396824,1.1746568890929863,23.447166102891487,3.6618545226801666,91.90276183314113,0
2025-10-10 19:14:46.396824,1.0371874281133597,25.671363854916695,7.079809374792153,92.2356679058146,0
2025-10-10 20:14:46.396824,1.4389641810422675,24.950731311781745,3.788768920526272,90.74141150717784,0
2025-10-10 21:14:46.396824,0.8399867302290187,28.56517982034425,8.652019427093872,91.5989395527423,0
2025-10-10 22:14:46.396824,0.8345029354250997,32.58079727762087,6.355851742678539,93.3496211721756,0
2025-10-10 23:14:46.396824,0.8835276881408405,23.40739368123904,4.024177183708595,93.98031228246607,0
2025-10-11 00:14:46.396824,0.5797438306663172,23.531681672445334,9.314616426531007,91.1103405068776,0
2025-10-11 01:14:46.396824,0.9006463975438862,28.132482631207218,3.788570153993323,91.7321850394443,0
2025-10-11 02:14:46.396824,0.855402762124904,27.045674468878936,6.484190744018614,92.27820346147796,0
2025-10-11 03:14:46.396824,1.038897183700861,30.540121977208102,5.598585160812984,92.56473029709616,0
2025-10-11 04:14:46.396824,1.078915741251649,26.751784555977892,7.603482578797596,91.45492553819459,0
2025-10-11 05:14:46.396824,1.3877015447924559,23.922123727638823,8.123022393453706,92.66855002242,0
2025-10-11 06:14:46.396824,1.2046113852232496,26.77196449207693,5.064008298131533,91.75060955072468,0
2025-10-11 07:14:46.396824,0.9013612107223812,28.326110741748725,3.4931642593076333,92.18995654675699,0
2025-10-11 08:14:46.396824,0.8394300646132195,27.461446543592093,5.919944285878233,92.73065298547866,0
2025-10-11 09:14:46.396824,1.1200232474329321,26.521822093321894,3.6445692604957878,92.17075092712557,0
2025-10-11 10:14:46.396824,0.7602741430522926,28.200024068767462,9.026774495053246,91.70790268662775,0
2025-10-11 11:14:46.396824,1.393448441340684,28.50788677133702,5.273070662165475,92.01463869306815,0
2025-10-11 12:14:46.396824,1.2660346992530953,29.14647697311258,4.269356897375783,92.01584545762833,0
2025-10-11 13:14:46.396824,0.9394551412852005,26.94612966276893,5.3693606117298165,91.71415730679122,0
2025-10-11 14:14:46.396824,0.6939600742468184,24.498645759049438,2.305747420940607,91.80533219384593,0
2025-10-11 15:14:46.396824,1.3108107528712298,25.440141059299968,3.056771922978697,93.64273534685742,0
2025-10-11 16:14:46.396824,1.0207296502600127,28.61952689952507,7.400827815888851,92.58496754413363,0
2025-10-11 17:14:46.396824,1.294953695880497,22.549192987038293,3.6862114420572087,91.7085276980029,0
2025-10-11 18:14:46.396824,0.732408594417775,26.106019926618703,2.906178034636121,92.68092234038248,0
2025-10-11 19:14:46.396824,0.9354730745082027,23.819983563017917,6.073305505054572,91.63010836595541,0
2025-10-11 20:14:46.396824,1.0606003901133776,25.086234468804452,7.371408309325994,93.11701241313774,0
2025-10-11 21:14:46.396824,1.0733002923617734,28.835355587821894,6.437906621330134,92.29348988758888,0
2025-10-11 22:14:46.396824,0.978391865748451,25.57329720405971,6.992095371611633,91.79650547122624,0
2025-10-11 23:14:46.396824,1.1976232830912077,25.139309644468447,3.4864098228610785,92.33148446088042,0
2025-10-12 00:14:46.396824,0.8643243612404286,20.920431577060242,2.1563786665163125,90.29285130284133,0
2025-10-12 01:14:46.396824,1.0543137550486192,27.238760698081663,8.002667303910973,90.71691990583969,0
2025-10-12 02:14:46.396824,1.1119352551619925,26.936452543423226,4.354640322315729,90.62972228819012,0
2025-10-12 03:14:46.396824,1.1959948386102186,31.48976416991638,4.498333967089906,91.94655030919257,0
2025-10-12 04:14:46.396824,1.240804628107343,24.076665295140998,7.656388283698115,93.51608213375363,0
2025-10-12 05:14:46.396824,0.8790706012754729,25.65745098299182,6.11246001880132,93.99482720030085,0
2025-10-12 06:14:46.396824,0.8028354652467813,25.748151051132265,5.911775544163215,92.38153807538865,0
2025-10-12 07:14:46.396824,1.3709939597800915,29.732359839290424,9.330004689802168,92.22429136873204,0
2025-10-12 08:14:46.396824,1.1878617913818863,24.714113402839143,3.712963539239714,89.90234907947452,0
2025-10-12 09:14:46.396824,0.9777812319735261,25.83706457731102,6.855680256162474,91.14069293373292,0
2025-10-12 10:14:46.396824,1.4439266784954403,26.82368952914962,5.114026249794169,90.87554290139838,0
2025-10-12 11:14:46.396824,1.1631861633690297,25.559827369469076,5.537184557726514,91.02243897489518,0
2025-10-12 12:14:46.396824,1.3824018289305935,23.660699156348414,8.056936852825064,91.45510267440118,0
2025-10-12 13:14:46.396824,1.1666724183971382,25.582269978694924,6.015671512579248,91.13111583512853,0
2025-10-12 14:14:46.396824,1.5720787619712735,28.220895249579314,6.076592158099266,89.60386652228954,0
2025-10-12 15:14:46.396824,1.5178908544950103,21.92045410176682,7.145014674619604,92.31103650862255,0
2025-10-12 16:14:46.396824,1.1240553276293408,25.398909022440627,4.270094540914229,90.47034314660488,0
2025-10-12 17:14:46.396824,1.3753186684168919,22.89963755518248,3.3215806653219873,91.76229295629552,0
2025-10-12 18:14:46.396824,1.3173657051762442,28.585139886774527,2.910381611957933,93.57708868177401,0
2025-10-12 19:14:46.396824,1.4694314259364445,20.430439285648674,1.0672868212479965,90.56358134027731,0
2025-10-12 20:14:46.396824,1.010262409265275,23.323234458185233,9.112414259880644,88.93263832895707,0
2025-10-12 21:14:46.396824,1.348125573579622,26.131635625193564,2.7935832685566337,91.15688154966298,0
2025-10-12 22:14:46.396824,1.4303933378755196,29.69657208770302,4.557492752828456,92.52380532638134,0
2025-10-12 23:14:46.396824,0.8748774465587037,24.802749216781038,4.446373400222159,93.36115306544305,0
2025-10-13 00:14:46.396824,0.9980130351457942,23.334401419920404,5.614813395618201,90.1532159366097,0
2025-10-13 01:14:46.396824,0.8349789131457033,30.64347120832177,6.6314744250785935,91.85942467413832,0
2025-10-13 02:14:46.396824,1.1972245174970793,20.65595829875127,6.720946976719491,90.87737491396142,0
2025-10-13 03:14:46.396824,1.4030134843950848,18.403582130139753,3.8338451228621233,91.21669693627703,0
2025-10-13 04:14:46.396824,1.568492875372297,26.32004335016,4.665756572427177,93.94694855743788,0
2025-10-13 05:14:46.396824,1.2914727867514295,23.493837326942167,5.5651599009765995,89.77959480186537,0
2025-10-13 06:14:46.396824,1.6111238722610453,21.93630154860786,4.502617747632906,91.51626471159479,0
2025-10-13 07:14:46.396824,1.0182405853702041,27.12506934189806,8.214691152039986,91.71017814170531,0
2025-10-13 08:14:46.396824,0.9625562810916188,25.731402141313595,5.981949903276503,92.3082312147189,0
2025-10-13 09:14:46.396824,1.3012054782079434,23.307764107789815,6.4697555720996345,91.30038796309013,0
2025-10-13 10:14:46.396824,1.3983192753881337,21.159086803987318,6.325762537334826,91.49041526896303,0
2025-10-13 11:14:46.396824,1.3242658664450766,27.617371984840435,7.34694771497065,90.7706760818768,0
2025-10-13 12:14:46.396824,0.9267210166119504,26.950603533875984,5.3620431174074135,91.41141151038337,0
2025-10-13 13:14:46.396824,1.3318945498204147,24.70247240866185,2.406336104088307,90.77905221348054,0
2025-10-13 14:14:46.396824,1.098436773175414,30.539910988143,5.799375903505283,91.7237762986737,0
2025-10-13 15:14:46.396824,1.5029787706368063,21.78974570102154,3.697286212416342,90.71255399261368,0
2025-10-13 16:14:46.396824,1.4521774312446258,20.423424487225784,3.9427666365004863,91.43922464239918,0
2025-10-13 17:14:46.396824,1.2007937251654104,22.924275790356266,6.172728037510186,91.01282135465169,0
2025-10-13 18:14:46.396824,1.2960050087297201,24.863241950933507,7.476566142867272,92.14809433894852,0
2025-10-13 19:14:46.396824,1.197039621722286,25.730018347968077,5.042543153472123,90.95061028442754,0
2025-10-13 20:14:46.396824,1.4065440643795692,24.27629182643101,5.617666025197927,89.20893145964884,0
2025-10-13 21:14:46.396824,1.6203979143653995,26.05616618954289,8.404429889270476,92.22384534840938,0
2025-10-13 22:14:46.396824,1.2426041864187822,21.24538172742867,5.4815063589771365,90.03615146667245,0
2025-10-13 23:14:46.396824,1.5510273791783336,29.331293812219776,10.203366228360789,90.26807734872592,0
2025-10-14 00:14:46.396824,1.3547223096813918,24.753546464822293,6.1310192912630885,90.30614231317094,0
2025-10-14 01:14:46.396824,1.312840429209253,28.351887494764384,1.4784744816883646,92.25620162022493,0
2025-10-14 02:14:46.396824,1.4607338056070378,26.02817603913311,6.506683242209065,88.7260492329151,0
2025-10-14 03:14:46.396824,1.2858983160264599,26.37025965746135,5.7623167697655555,93.97943190039345,0
2025-10-14 04:14:46.396824,1.393104131684372,26.70930184069661,7.579505508165491,91.8777000956392,0
2025-10-14 05:14:46.396824,1.2752242114457817,26.343125680051944,6.346362702539917,91.02484212054198,0
2025-10-14 06:14:46.396824,1.9187874619113892,26.92816827960263,4.723088032032452,90.72666912563622,0
2025-10-14 07:14:46.396824,1.544012890258829,28.987457590397295,2.5514035274212685,91.04707712094984,0
2025-10-14 08:14:46.396824,1.4082061610966101,25.589563509104412,4.58195348542795,91.26260539431121,0
2025-10-14 09:14:46.396824,1.602209893473701,27.127011272765536,3.2989590915813998,91.36665847172159,0
2025-10-14 10:14:46.396824,1.5482807319934109,24.73079291713832,3.8389531003905546,91.25700727161467,0
2025-10-14 11:14:46.396824,1.5379528397221742,29.32035164634842,6.177156808841219,90.77094340670614,0
2025-10-14 12:14:46.396824,1.7164466987786988,22.97082309382219,8.339809008702812,90.46398422498325,0
2025-10-14 13:14:46.396824,1.7566458652339452,30.402821298732448,5.7893430596459625,90.49000928147676,0
2025-10-14 14:14:46.396824,1.510637597144986,24.87952614806697,2.6082338759296313,90.42633420461726,0
2025-10-14 15:14:46.396824,1.513228384738557,20.707674693645856,5.889205336440281,91.73497250167668,0
2025-10-14 16:14:46.396824,1.5850947565506475,25.38431324473237,7.393262973291302,91.17471904693016,0
2025-10-14 17:14:46.396824,1.191490927893692,22.95684502757536,3.780434191361236,87.62073360982471,0
2025-10-14 18:14:46.396824,1.3606621508123633,27.521930646966172,4.7319656666541645,91.19698294085842,0
2025-10-14 19:14:46.396824,1.9489536837758255,23.04212806209283,5.0293763894583945,90.71577827888711,0
2025-10-14 20:14:46.396824,2.0165022232814698,23.66144970035566,3.43020337383552,90.48229324756211,0
2025-10-14 21:14:46.396824,1.6496808167212342,19.331377807163406,6.2965608676877185,90.09244347075881,0
2025-10-14 22:14:46.396824,1.8268263577104802,23.64308104225277,4.758103702784437,91.58503456367339,0
2025-10-14 23:14:46.396824,1.7858376280103558,17.72836202011313,5.839064887814056,91.38840822564991,0
2025-10-15 00:14:46.396824,2.3514801702136827,20.24829152954283,3.2250156443958,89.64796401554312,0
2025-10-15 01:14:46.396824,1.9717772625983823,27.281243968432893,4.125083399353179,90.80785389033095,0
2025-10-15 02:14:46.396824,1.73447696849114,27.357400475952495,6.444762715655543,89.4091047885048,0
2025-10-15 03:14:46.396824,1.581188607824147,26.276372685354893,4.254333695816466,88.98110327809684,0
2025-10-15 04:14:46.396824,1.4632797057058553,22.09907157061236,8.45392770246681,89.71396413813548,0
2025-10-15 05:14:46.396824,1.8375680916631563,24.85686593157406,4.200727628770795,91.1830347549479,0
2025-10-15 06:14:46.396824,1.6579437819431795,24.989192382728294,5.449369451503772,91.25372624778089,0
2025-10-15 07:14:46.396824,1.5371319731320972,21.52490593242237,6.8651816637461796,90.79364654234179,0
2025-10-15 08:14:46.396824,1.704665180773268,29.510194905301454,2.1632685341339366,90.98561682893217,0
2025-10-15 09:14:46.396824,1.6300934944891627,27.632086871727015,1.4783823760384482,90.7566592490388,0
2025-10-15 10:14:46.396824,2.1962790871738087,24.337107478511008,1.9486873708598105,89.57895928654057,0
2025-10-15 11:14:46.396824,2.0476487323372066,25.080657516983592,7.525168206854364,90.63232334627715,0
2025-10-15 12:14:46.396824,1.8822166542557452,25.625148423842656,3.8962837082151065,90.98077024667056,0
2025-10-15 13:14:46.396824,2.1923088143675242,18.87479539472713,10.116398571336504,90.91461197109614,0
2025-10-15 14:14:46.396824,1.9243188734884895,24.25846785243821,3.871504802685223,91.32919393259688,0
2025-10-15 15:14:46.396824,1.7491280345611757,22.954047256006604,5.369102606394074,90.82854432816299,0
2025-10-15 16:14:46.396824,2.238561804559782,21.995139970315254,8.08421990513575,90.45164860834319,0
2025-10-15 17:14:46.396824,2.054281575473601,24.156699121342136,9.012185776318246,91.15031055895771,0
2025-10-15 18:14:46.396824,1.7516213871373945,30.393059580548567,9.123007153272795,90.03359898123189,0
2025-10-15 19:14:46.396824,1.9335804162284904,26.92252858380103,7.416732461186285,89.15820550909292,0
2025-10-15 20:14:46.396824,1.8091065255018703,23.28646303065161,7.048125051622925,89.85697311621657,0
2025-10-15 21:14:46.396824,1.7202547520139948,26.717748344068475,6.185053898402366,89.25509735519356,0
