timestamp,ph,do_mg_l,cod_mg_l,floating_plastics
2025-08-14 12:14:51.086653,7.6762102815201425,7.524668129007749,24.42443976753888,1
2025-08-14 15:14:51.086653,6.813625051783667,4.123673403969508,15.454408765853257,0
2025-08-14 18:14:51.086653,7.013128065471434,6.477925695659207,25.676587110371763,0
2025-08-14 21:14:51.086653,7.163006513198603,5.686365461365455,20.43425634158899,0
2025-08-15 00:14:51.086653,6.6844307885497045,5.144326215618465,23.758337245332584,0
2025-08-15 03:14:51.086653,7.000826229162379,6.498199544342044,27.72518955792583,0
2025-08-15 06:14:51.086653,6.999643845656827,4.701170116041606,16.655366869786242,0
2025-08-15 09:14:51.086653,6.298110277461832,6.296944709373523,15.916609035031716,0
2025-08-15 12:14:51.086653,7.407063202265397,7.313258949009332,22.133671851018786,0
2025-08-15 15:14:51.086653,7.24019940636782,6.176689348536462,14.841803422055374,0
2025-08-15 18:14:51.086653,6.749828410413296,5.123677571487199,16.34987073897373,0
2025-08-15 21:14:51.086653,6.931380695521711,4.220691285810844,19.43262575947437,1
2025-08-16 00:14:51.086653,7.202119749678701,4.718041817693143,20.78428877611906,0
2025-08-16 03:14:51.086653,6.895457433923341,4.158777870104998,13.783136817588234,0
2025-08-16 06:14:51.086653,6.9029003685309815,7.599632429930321,18.0893896971263,1
2025-08-16 09:14:51.086653,6.418703435003684,5.750515499068909,22.912042986759516,0
2025-08-16 12:14:51.086653,7.221832124756755,4.9548359706047345,26.714971182448167,0
2025-08-16 15:14:51.086653,7.049552362114816,4.70179128932156,10.203180291633732,0
2025-08-16 18:14:51.086653,7.109783969503986,4.932754685437607,26.51889156982157,0
2025-08-16 21:14:51.086653,6.389390187252064,5.66415712819696,24.399693277449856,0
2025-08-17 00:14:51.086653,7.66027987647459,4.717389385608384,14.586314583190688,1
2025-08-17 03:14:51.086653,7.061734214182543,7.6763075942904075,12.66611764477466,0
2025-08-17 06:14:51.086653,6.845144022685445,5.252610609008942,22.082037674967456,0
2025-08-17 09:14:51.086653,7.811628888304445,5.217417106298586,17.908090907884578,1
2025-08-17 12:14:51.086653,6.981845588055742,6.307758169655457,20.678537314895458,0
2025-08-17 15:14:51.086653,6.41972852034137,7.450584356197461,24.290999370434818,0
2025-08-17 18:14:51.086653,6.837908857828925,7.323976048392256,18.145571114105746,1
2025-08-17 21:14:51.086653,6.084673959211311,5.512180672997918,20.809056525543433,1
2025-08-18 00:14:51.086653,7.419758619737302,6.2554280224485765,22.367827837465224,0
2025-08-18 03:14:51.086653,6.833410272591992,6.149295449485069,24.429400954537925,0
2025-08-18 06:14:51.086653,6.702978589918173,6.529894491507143,28.776020156902113,0
2025-08-18 09:14:51.086653,7.428988052630198,6.255704634022,28.47249349995125,0
2025-08-18 12:14:51.086653,6.339569764237664,5.056171617235827,21.20111645849053,1
2025-08-18 15:14:51.086653,7.214171742530437,4.739809878949394,18.8239080017811,0
2025-08-18 18:14:51.086653,6.17423407875153,6.1756555471097885,31.816898805972635,0
2025-08-18 21:14:51.086653,6.735136264133277,4.81646188309016,23.189185552295495,1
2025-08-19 00:14:51.086653,6.518312061760107,7.363223388566061,22.12800443033373,0
2025-08-19 03:14:51.086653,7.584790250885409,6.039929811670935,14.520587341490085,1
2025-08-19 06:14:51.086653,7.706464351171734,4.9739224372877535,23.87611861251292,0
2025-08-19 09:14:51.086653,6.868234499234774,5.678365147976647,16.134625221868482,1
2025-08-19 12:14:51.086653,7.336293296857415,5.492692710415779,17.722382394917865,0
2025-08-19 15:14:51.086653,6.92800543949906,5.868760179335715,13.357787108697948,0
2025-08-19 18:14:51.086653,7.227224754931193,6.945848849649583,17.4201987262064,0
2025-08-19 21:14:51.086653,6.698865121431414,4.555572067577447,20.311017159021528,0
2025-08-20 00:14:51.086653,6.316664318733178,4.132423264748286,12.537548513006321,0
2025-08-20 03:14:51.086653,6.278760536608104,6.338050953018677,15.549161805831705,1
2025-08-20 06:14:51.086653,7.153248740703005,5.8227171326753515,19.61351046975245,0
2025-08-20 09:14:51.086653,7.89903802112308,6.163225038087672,13.718807341752887,0
2025-08-20 12:14:51.086653,7.107764652203155,6.444546536453667,13.771954111494022,0
2025-08-20 15:14:51.086653,6.790158152239659,5.818951622590306,15.863075609819528,0
2025-08-20 18:14:51.086653,7.7648075449327765,6.799689736992898,13.000359945923064,0
2025-08-20 21:14:51.086653,7.094920738654878,5.106998480046514,23.0579055303483,0
2025-08-21 00:14:51.086653,7.040573594084647,6.064377594262037,15.058062096149094,0
2025-08-21 03:14:51.086653,7.101031094222127,5.169237990599916,23.829636035024365,0
2025-08-21 06:14:51.086653,6.947049120973261,4.870094331573864,24.604569618995683,0
2025-08-21 09:14:51.086653,6.8762094637644475,6.6154489093003495,14.039236346888844,0
2025-08-21 12:14:51.086653,6.426014613585778,6.5690531419552105,20.20385508524625,0
2025-08-21 15:14:51.086653,7.200649649272417,4.05801991920488,17.61782225194648,1
2025-08-21 18:14:51.086653,6.962089819824042,4.878000758411627,14.339742715263833,0
2025-08-21 21:14:51.086653,7.477234368937604,6.291984330016614,18.334205926582783,0
2025-08-22 00:14:51.086653,6.852472612620861,7.0702320445929345,18.79923301097611,0
2025-08-22 03:14:51.086653,6.237452048587812,5.334039678278169,23.540950173206884,0
2025-08-22 06:14:51.086653,6.960155747242054,5.816189879620913,25.108115083105318,0
2025-08-22 09:14:51.086653,7.679814918698672,4.586653377876983,14.520107687990848,0
2025-08-22 12:14:51.086653,6.846630750827395,8.510811383103759,17.97781165393576,0
2025-08-22 15:14:51.086653,6.6440572555917,6.475121180138008,22.643098426075046,0
2025-08-22 18:14:51.086653,6.5225632310967265,6.894613107453303,25.869053847161826,1
2025-08-22 21:14:51.086653,6.5799932755698505,6.658020871036694,7.829554644131285,1
2025-08-23 00:14:51.086653,6.879922505279935,6.933243657358238,26.37331083194514,0
2025-08-23 03:14:51.086653,6.528007162616718,6.608082902809821,19.163187327099354,1
2025-08-23 06:14:51.086653,7.599055646239034,5.664812458103909,27.640923081949666,0
2025-08-23 09:14:51.086653,6.886945905569847,6.74401323552812,17.887517351194738,1
2025-08-23 12:14:51.086653,7.043459348597892,6.079139935271382,15.856990709469107,0
2025-08-23 15:14:51.086653,7.575295808293503,7.296576061391209,20.22431220120597,0
2025-08-23 18:14:51.086653,7.601327408166764,5.2644521578974555,25.832895779410237,1
2025-08-23 21:14:51.086653,6.914906813192975,5.458739427655798,20.153048225875015,0
2025-08-24 00:14:51.086653,7.132789686195399,6.661154214400574,8.240370231316042,0
2025-08-24 03:14:51.086653,7.294010633750944,7.279645434343225,23.413183441253317,0
2025-08-24 06:14:51.086653,6.9228578158600875,6.14516133127826,11.970014378794792,0
2025-08-24 09:14:51.086653,6.288794858816597,5.287472252729031,15.118114239581537,0
2025-08-24 12:14:51.086653,7.261882281481244,5.8810441278888135,14.203590176585534,0
2025-08-24 15:14:51.086653,7.3577409219282135,5.501775920936435,10.82765130100794,0
2025-08-24 18:14:51.086653,7.1662010457192045,7.896837580067813,13.74794021144895,0
2025-08-24 21:14:51.086653,6.630582137314713,6.898709149644048,15.070770932915217,0
2025-08-25 00:14:51.086653,6.921589075076814,7.264443000605278,16.943845905657657,0
2025-08-25 03:14:51.086653,6.763692072454745,6.301544743067367,19.733728035743287,1
2025-08-25 06:14:51.086653,6.880115505068869,5.444876970744701,18.330088486090055,1
2025-08-25 09:14:51.086653,7.518754077090669,7.173263644541766,12.597980186644175,0
2025-08-25 12:14:51.086653,7.611831853357263,7.6539495335998,19.09154871214996,0
2025-08-25 15:14:51.086653,7.267767277363864,6.5819592968196305,24.86368251339156,0
2025-08-25 18:14:51.086653,7.2194980479113315,5.9757476811550605,24.741053648952693,0
2025-08-25 21:14:51.086653,7.270651595822354,7.080973780194881,20.67326141752409,0
2025-08-26 00:14:51.086653,6.9951031253574225,5.6288851487976155,23.096935533653358,1
2025-08-26 03:14:51.086653,6.969734615405174,6.764540587209384,24.46129702705352,0
2025-08-26 06:14:51.086653,6.730541925049571,5.288415783696131,26.808262899248007,0
2025-08-26 09:14:51.086653,6.977653019979971,5.029634111034655,28.482252640022626,0
2025-08-26 12:14:51.086653,7.903978794650505,6.566444879908375,18.39860910688057,0
2025-08-26 15:14:51.086653,7.347615731701531,6.337930208424034,18.641713948334466,0
2025-08-26 18:14:51.086653,6.863153190629255,7.904306374341973,27.363994846668636,0
2025-08-26 21:14:51.086653,6.811229339146592,5.719892935518744,27.805354586900286,0
2025-08-27 00:14:51.086653,6.6542040033657015,6.023447554802564,27.703284600156948,0
2025-08-27 03:14:51.086653,7.14974813989503,4.860060684691353,8.282205342740927,1
2025-08-27 06:14:51.086653,7.156618277401032,4.130719760997488,18.901553045104436,0
2025-08-27 09:14:51.086653,6.4227513371996245,4.2191849488656725,3.7224238157232037,0
2025-08-27 12:14:51.086653,7.194534078896681,6.463107884199179,23.649679599126756,0
2025-08-27 15:14:51.086653,6.7722110917926015,4.823360910113511,20.278078421316117,0
2025-08-27 18:14:51.086653,7.570688462659534,7.126786962941613,20.26089746688914,1
2025-08-27 21:14:51.086653,7.062737593481674,7.422266792418647,19.31152627218655,0
2025-08-28 00:14:51.086653,7.687092019864094,5.71459649629519,26.516857005483196,0
2025-08-28 03:14:51.086653,6.8167492828455964,7.658424783272396,18.534466459237358,0
2025-08-28 06:14:51.086653,6.884806453391687,6.227199676603513,25.16557089452852,0
2025-08-28 09:14:51.086653,7.11992334090796,7.124954582273011,22.767990091410255,0
2025-08-28 12:14:51.086653,7.422379319665815,5.774293658912146,21.784079165171878,0
2025-08-28 15:14:51.086653,7.226352995450962,6.959170819573112,22.312977477203034,0
2025-08-28 18:14:51.086653,6.506590422508975,5.056682817153157,20.5535324359407,1
2025-08-28 21:14:51.086653,7.073160280645907,6.622682490266503,14.53137229628521,0
2025-08-29 00:14:51.086653,7.008897895416224,5.54078295337854,23.581097868229328,0
2025-08-29 03:14:51.086653,6.828372562577603,5.869440202982184,23.566641955062927,0
2025-08-29 06:14:51.086653,6.740757882843056,6.6317185673302275,19.280578462920914,0
2025-08-29 09:14:51.086653,7.699030895739458,6.172711700970575,23.653550679345123,1
2025-08-29 12:14:51.086653,6.843845407455374,5.925625032812521,24.49464487091941,1
2025-08-29 15:14:51.086653,6.661630945148877,6.727779157552604,13.592347274451004,1
2025-08-29 18:14:51.086653,7.254845133124976,6.803206244542518,19.289322510704533,0
2025-08-29 21:14:51.086653,7.052249190904901,4.61499294687003,17.7837570397282,0
2025-08-30 00:14:51.086653,6.969674453477633,6.558944365744897,15.474199562837612,0
2025-08-30 03:14:51.086653,7.312520724420197,6.671001055421515,21.61157202163129,0
2025-08-30 06:14:51.086653,7.195450166357074,5.248280555375605,15.784111937722132,0
2025-08-30 09:14:51.086653,7.144876000380437,6.385800812702645,17.828088986000783,1
2025-08-30 12:14:51.086653,7.3856801937565635,4.675766619409888,21.226994223354456,0
2025-08-30 15:14:51.086653,7.113454569533916,7.439324102629587,21.74925056834029,0
2025-08-30 18:14:51.086653,6.753231220363811,5.762345726485832,21.607730963231756,0
2025-08-30 21:14:51.086653,6.855087108632111,5.921439719970163,31.169541143848072,0
2025-08-31 00:14:51.086653,6.791611065878275,7.197391961245135,17.48156407325562,0
2025-08-31 03:14:51.086653,7.08388882279064,5.857258932502392,21.250930836279544,0
2025-08-31 06:14:51.086653,6.568806042299718,6.598887782359416,13.970780026445862,0
2025-08-31 09:14:51.086653,6.267029613308569,4.952599690465838,22.406779189941425,0
2025-08-31 12:14:51.086653,7.035261969839358,5.43024517571411,25.76726809055651,0
2025-08-31 15:14:51.086653,6.465391780017722,4.607542616872852,26.069300490765777,0
2025-08-31 18:14:51.086653,6.2192087605819495,5.791815361965179,16.820941616282422,0
2025-08-31 21:14:51.086653,7.149332313526675,7.03103542813442,18.60267879009104,0
2025-09-01 00:14:51.086653,6.7155787215505836,6.223608184404749,26.311941166121063,0
2025-09-01 03:14:51.086653,7.19845016889563,6.884277631089212,19.533143286298802,0
2025-09-01 06:14:51.086653,6.787658499230145,4.9737923338798495,24.793372031171483,0
2025-09-01 09:14:51.086653,6.551215044717768,5.116772616114885,15.137888997528748,0
2025-09-01 12:14:51.086653,6.5025929944575935,5.534456829335568,26.91684739904307,0
2025-09-01 15:14:51.086653,6.794029110918515,6.572572927295823,25.136239397578116,1
2025-09-01 18:14:51.086653,6.8906468775016885,6.356428629463226,22.320227611294968,0
2025-09-01 21:14:51.086653,6.670615966393522,5.984710856314564,16.00732044844762,0
2025-09-02 00:14:51.086653,6.8875568348746325,6.622629344372982,19.201447607435313,0
2025-09-02 03:14:51.086653,6.3855590815150105,5.848601568885803,20.756304788852873,0
2025-09-02 06:14:51.086653,7.005795577990511,5.97847553058202,21.31706031652598,0
2025-09-02 09:14:51.086653,6.282540503279849,7.304834829290178,19.476105582736864,1
2025-09-02 12:14:51.086653,6.922457473218308,5.413731301913168,18.907811286676747,1
2025-09-02 15:14:51.086653,7.27891764391183,6.182681136580132,20.96227825853461,0
2025-09-02 18:14:51.086653,7.436775520897929,7.6119448089057995,26.977799874615823,0
2025-09-02 21:14:51.086653,7.685752098747637,6.101904702169225,9.960594529152047,0
2025-09-03 00:14:51.086653,6.377484941260523,6.706553477523711,13.140637006943109,1
2025-09-03 03:14:51.086653,7.303490080221795,5.393318219781148,12.27563327343019,1
2025-09-03 06:14:51.086653,7.4825128776463385,7.95652038437896,16.565111909061155,1
2025-09-03 09:14:51.086653,7.392222793935186,3.750368780897303,11.298699183832428,0
2025-09-03 12:14:51.086653,6.628270473957505,4.865677962099644,22.765599138954634,0
2025-09-03 15:14:51.086653,7.164718732446391,4.9461558548859,20.478602294180412,0
2025-09-03 18:14:51.086653,7.744022268890858,7.619803533173566,18.73111367047902,0
2025-09-03 21:14:51.086653,6.401090543057362,6.3524811312437395,16.59228420136182,0
2025-09-04 00:14:51.086653,7.190535080102901,5.737673017644533,20.784288642149505,0
2025-09-04 03:14:51.086653,7.444916194263633,4.718242080069489,20.89124830035337,0
2025-09-04 06:14:51.086653,6.721363593736559,6.364129042900831,21.651314863640568,0
2025-09-04 09:14:51.086653,7.233188121314382,6.11403377930053,16.354925679489426,1
2025-09-04 12:14:51.086653,6.571642996802051,5.307030596908295,23.24656606449092,0
2025-09-04 15:14:51.086653,6.675116567427304,4.508472846602023,12.65723449301703,1
2025-09-04 18:14:51.086653,6.673167901268461,4.897242274263437,26.247181138696263,0
2025-09-04 21:14:51.086653,7.0769230795275675,6.2134127912033605,4.616395675678923,0
2025-09-05 00:14:51.086653,6.963607493586893,6.31101078963392,17.03174105475724,0
2025-09-05 03:14:51.086653,7.381646083088826,6.073143593812935,13.98853984425383,0
2025-09-05 06:14:51.086653,6.623888354304423,5.848414890105055,23.948720179353913,0
2025-09-05 09:14:51.086653,6.947489739963,4.231263038776371,12.574235889941814,0
2025-09-05 12:14:51.086653,7.384430585445402,6.048770154115637,29.109218114529337,0
2025-09-05 15:14:51.086653,7.224310868893978,4.967465061658609,12.27706926766592,0
2025-09-05 18:14:51.086653,6.470143465767507,6.0417897991732445,30.142299628450147,1
2025-09-05 21:14:51.086653,7.266081473983085,6.4650505925419415,22.240033160720007,0
2025-09-06 00:14:51.086653,6.808632848078173,5.324224499176831,20.15359581566687,0
2025-09-06 03:14:51.086653,7.15415461515786,4.976929423398403,22.178930675906077,0
2025-09-06 06:14:51.086653,7.120272166009164,6.993611148366105,30.96289322686539,0
2025-09-06 09:14:51.086653,7.487727553587452,6.351797187424491,24.46540025991539,0
2025-09-06 12:14:51.086653,7.046623975894147,5.363374388570903,8.833095881836988,0
2025-09-06 15:14:51.086653,6.258477651396918,2.9996838571231246,25.971122792990357,0
2025-09-06 18:14:51.086653,6.452056112408322,5.950874546133348,21.158883471514645,0
2025-09-06 21:14:51.086653,7.292461754170956,6.62913818579014,11.914887019680231,1
2025-09-07 00:14:51.086653,6.896673466704955,7.121556897325714,23.80241386020133,0
2025-09-07 03:14:51.086653,7.455191624037625,5.32214064518085,13.94446204120839,0
2025-09-07 06:14:51.086653,7.10937552717241,5.356969232629192,20.905965501425765,0
2025-09-07 09:14:51.086653,6.700373705621789,5.5570932733342016,21.166214680519293,0
2025-09-07 12:14:51.086653,7.432962703889286,6.837921833161335,16.758010425134056,0
2025-09-07 15:14:51.086653,6.677040927388336,4.825281973626588,23.237826056538577,0
2025-09-07 18:14:51.086653,6.178945796689862,5.887123100851237,14.89199085875753,0
2025-09-07 21:14:51.086653,7.825518220425139,5.074255458732706,20.95591089648411,0
2025-09-08 00:14:51.086653,6.235700448951121,6.26854849011553,17.263424101342338,0
2025-09-08 03:14:51.086653,7.254565143591727,4.4453153109196855,19.086671871651262,0
2025-09-08 06:14:51.086653,7.375540707583469,6.3761601984028,29.614454482822943,0
2025-09-08 09:14:51.086653,7.058826345240637,5.503353086826487,20.56022221431077,0
2025-09-08 12:14:51.086653,6.326641262544765,5.775961694197043,14.56313765890206,0
2025-09-08 15:14:51.086653,7.406005974184356,6.5257542171139065,19.413849156249256,0
2025-09-08 18:14:51.086653,6.423382513344614,7.143813477545695,16.153682954820045,0
2025-09-08 21:14:51.086653,6.462548574043813,4.3030129989763815,20.132438741640453,0
2025-09-09 00:14:51.086653,6.855332674934013,7.003555071179545,20.80962643745825,1
2025-09-09 03:14:51.086653,7.315401829646799,6.5581560029558155,20.424907402355668,0
2025-09-09 06:14:51.086653,7.120045562292318,5.705308103713844,20.41905287558878,0
2025-09-09 09:14:51.086653,7.324307314315007,7.403999512875083,17.277701993860273,1
2025-09-09 12:14:51.086653,6.822542467781183,6.188650225975845,22.246013911233337,0
2025-09-09 15:14:51.086653,6.931126685377616,7.29343680408546,25.28678763324569,0
2025-09-09 18:14:51.086653,6.545145284733921,5.407210377203753,16.89772750051805,0
2025-09-09 21:14:51.086653,6.873253818710929,5.133280235344355,19.707998524962726,0
2025-09-10 00:14:51.086653,7.2372512607239585,7.224657113099808,20.30349017371587,0
2025-09-10 03:14:51.086653,6.880068778409952,8.164272063344761,26.26874637589256,0
2025-09-10 06:14:51.086653,7.190183821925846,6.633785260344208,25.396687004166374,1
2025-09-10 09:14:51.086653,6.770690299380192,6.891184761480762,16.349759619453934,0
2025-09-10 12:14:51.086653,6.763043362884099,5.526101688174084,20.36177257250434,0
2025-09-10 15:14:51.086653,7.015667459891033,4.674832392251783,12.530088590892067,0
2025-09-10 18:14:51.086653,6.922047398876684,5.774030943339958,15.172547311237654,0
2025-09-10 21:14:51.086653,7.2369540970405835,7.5003187941662075,20.07511667806836,0
2025-09-11 00:14:51.086653,7.071316096642384,4.139541143283268,23.14968949579701,0
2025-09-11 03:14:51.086653,7.69613851815713,5.5046727693567625,24.771976426825148,0
2025-09-11 06:14:51.086653,6.912202198195599,4.085459756012389,18.446005206114943,0
2025-09-11 09:14:51.086653,6.90909894009748,6.108269210845792,13.235279226916587,0
2025-09-11 12:14:51.086653,6.583947574485922,6.874244474231279,21.98443626428798,0
2025-09-11 15:14:51.086653,7.009111186967674,4.757267957943398,19.134797099155467,0
2025-09-11 18:14:51.086653,7.27313157546888,5.590608373280528,22.119800556530354,0
2025-09-11 21:14:51.086653,6.703881743437456,7.325746921100922,20.800620845243248,0
2025-09-12 00:14:51.086653,6.980131094896149,5.911533331888205,23.57864151608068,1
2025-09-12 03:14:51.086653,7.287422704071934,4.760752963529121,23.27314641722527,0
2025-09-12 06:14:51.086653,6.949236340395723,4.6837393559153835,24.217994954459343,0
2025-09-12 09:14:51.086653,6.792345079540709,3.985352500394667,17.70420496095691,0
2025-09-12 12:14:51.086653,7.389237260312081,6.773294675124457,24.977490444645227,0
2025-09-12 15:14:51.086653,7.038807826222506,5.253878078274056,17.48485593461755,0
2025-09-12 18:14:51.086653,7.158625802297153,7.050680574678426,20.424688973950317,0
2025-09-12 21:14:51.086653,7.468557380084207,6.867028935560038,29.302957358464134,1
2025-09-13 00:14:51.086653,7.4581263673878535,5.339970248043816,21.78401235811725,0
2025-09-13 03:14:51.086653,6.861118327010391,5.472046163155879,14.169343561509779,0
2025-09-13 06:14:51.086653,6.789828112210833,6.778634209578826,27.45213997294428,0
2025-09-13 09:14:51.086653,7.1137235733328525,6.149427696298658,25.00046114208401,0
2025-09-13 12:14:51.086653,6.946884985904481,6.2678294788458215,25.702367902482997,0
2025-09-13 15:14:51.086653,6.240055472287061,4.352909655499413,20.986037961500724,1
2025-09-13 18:14:51.086653,7.510144693866355,6.897712095254229,21.729122143148285,0
2025-09-13 21:14:51.086653,7.007744530999703,5.124674263635261,18.834981676635955,0
2025-09-14 00:14:51.086653,7.294551186659387,3.73049563855136,16.50033851267754,0
2025-09-14 03:14:51.086653,6.530833374287932,5.383074746792041,27.649975245584717,0
2025-09-14 06:14:51.086653,7.515281423503358,6.421996240836161,18.158196486666483,0
2025-09-14 09:14:51.086653,6.764694877575077,8.097126008676401,17.596509071603997,1
2025-09-14 12:14:51.086653,6.956933170610669,5.627173575737741,17.782524355964828,1
2025-09-14 15:14:51.086653,6.439430132109049,4.670218392007924,29.31171629210693,1
2025-09-14 18:14:51.086653,6.933220105307365,8.123473608784167,24.39068000952912,0
2025-09-14 21:14:51.086653,6.908078426923692,6.160237948058633,18.160438680308857,0
2025-09-15 00:14:51.086653,6.925855784339312,5.738827366521653,19.771887775125588,0
2025-09-15 03:14:51.086653,7.1754018971023275,4.924013060630888,22.55225317028353,0
2025-09-15 06:14:51.086653,7.024138339147401,4.996022007941301,24.39233744151083,0
2025-09-15 09:14:51.086653,7.390313050038033,7.4786726757826285,11.947548928381636,0
2025-09-15 12:14:51.086653,6.8127367257394456,5.729309199788013,24.51891868777351,0
2025-09-15 15:14:51.086653,6.601593636514254,5.462191198239646,18.909868593514275,0
2025-09-15 18:14:51.086653,6.992357443351976,5.490087217605175,16.569825654629,0
2025-09-15 21:14:51.086653,7.251347214521513,7.567865813095027,18.048419474317527,0
2025-09-16 00:14:51.086653,7.49785670918713,5.410586321636758,23.959636938507117,0
2025-09-16 03:14:51.086653,7.325568574225575,6.6281595982354045,28.79216175608022,1
2025-09-16 06:14:51.086653,6.293823732936669,6.2661418997657465,20.739598464216172,1
2025-09-16 09:14:51.086653,7.150823343224086,6.239265866720492,22.784518692444383,1
2025-09-16 12:14:51.086653,7.584148709168494,5.1227487229497495,15.92987783948151,0
2025-09-16 15:14:51.086653,7.025030546538672,6.658554237973883,22.456722967523085,1
2025-09-16 18:14:51.086653,6.793582999943189,7.608632015410434,24.113235858032095,0
2025-09-16 21:14:51.086653,7.123664341077184,5.947816374661744,12.55984480896371,0
2025-09-17 00:14:51.086653,6.798703206311562,5.080254235590105,17.435449937941726,0
2025-09-17 03:14:51.086653,7.255645266361621,4.7086263150898535,23.953993420522323,0
2025-09-17 06:14:51.086653,6.994802211416953,6.190717510062598,11.20549740393021,0
2025-09-17 09:14:51.086653,7.557200051998601,5.728015949654765,18.130500271866563,0
2025-09-17 12:14:51.086653,7.199801099396373,5.8956259520599374,23.00348731208382,0
2025-09-17 15:14:51.086653,6.7104461253617345,6.011828519582311,11.547195855343618,0
2025-09-17 18:14:51.086653,7.241852513553387,4.524387342679004,18.016732905308206,1
2025-09-17 21:14:51.086653,7.374404680092445,6.78148522373291,20.274190968202987,0
2025-09-18 00:14:51.086653,6.772617658082094,6.234318055230099,24.451968562233485,0
2025-09-18 03:14:51.086653,6.829682239001948,5.925383876064456,13.60631771784452,0
2025-09-18 06:14:51.086653,6.077926690559517,6.231857197169786,25.54755187382549,1
2025-09-18 09:14:51.086653,7.361362395586174,6.926142887903777,21.52837500523639,0
2025-09-18 12:14:51.086653,6.764898246420083,6.053424641899396,25.984229893957384,0
2025-09-18 15:14:51.086653,6.151060211186923,5.149766052710118,25.81610177256815,0
2025-09-18 18:14:51.086653,6.292491319968124,7.16623314598617,21.703953618269225,0
2025-09-18 21:14:51.086653,6.9108199374218,5.566676153957781,22.428741331703176,0
2025-09-19 00:14:51.086653,7.304263988172442,5.27452998241303,11.302763247741828,0
2025-09-19 03:14:51.086653,6.96437415247599,4.4380041547150055,13.249300667757915,0
2025-09-19 06:14:51.086653,7.1887111036507125,6.007915004348579,14.973440887964067,0
2025-09-19 09:14:51.086653,6.559400149309972,4.9523563064741865,18.259954381377447,0
2025-09-19 12:14:51.086653,6.463453749171008,5.480866997886258,24.66619501113185,0
2025-09-19 15:14:51.086653,7.354288322666589,6.449287441822165,11.082926295186079,1
2025-09-19 18:14:51.086653,7.196857783669927,6.033269880786609,18.400213275667777,0
2025-09-19 21:14:51.086653,6.987796460023437,7.016287227684694,13.393843717726327,0
2025-09-20 00:14:51.086653,7.512837050007089,6.305137295769263,12.211486820862763,0
2025-09-20 03:14:51.086653,6.619523816764907,5.5961045514598915,27.384534832337682,0
2025-09-20 06:14:51.086653,6.831893471277056,5.6702972553080215,20.492662743403805,1
2025-09-20 09:14:51.086653,7.410548532325106,5.492626031161075,28.175762444748663,0
2025-09-20 12:14:51.086653,7.73511775687925,6.646371283664544,25.920615871427266,1
2025-09-20 15:14:51.086653,7.003370239986613,6.021466390736198,15.393018957382548,0
2025-09-20 18:14:51.086653,7.6718077630405315,5.589079577708278,10.72658565104681,0
2025-09-20 21:14:51.086653,6.758995754022677,6.8449231143384,30.35043783994594,0
2025-09-21 00:14:51.086653,7.131899939251091,6.096286013087747,17.97488375946645,0
2025-09-21 03:14:51.086653,6.930470566793274,5.534464667972678,14.277260126770859,0
2025-09-21 06:14:51.086653,6.364700617443843,4.487602668545811,23.455850675690254,0
2025-09-21 09:14:51.086653,7.103189134017143,6.437471845297991,20.68246955941088,0
2025-09-21 12:14:51.086653,7.373099877247356,6.238708629017517,16.64300156692508,0
2025-09-21 15:14:51.086653,6.940693190423515,6.051331220270379,18.270398158082592,0
2025-09-21 18:14:51.086653,6.97181794989742,5.565933934150431,20.806627303614157,0
2025-09-21 21:14:51.086653,7.557170926771728,5.166514389378655,20.36976363173046,0
2025-09-22 00:14:51.086653,6.500114571919833,5.773302060731874,23.777556190508765,0
2025-09-22 03:14:51.086653,6.4009646726290885,6.231426078534492,18.232674955802153,1
2025-09-22 06:14:51.086653,6.738384342167939,5.8721491262560015,18.2842398157571,0
2025-09-22 09:14:51.086653,6.521350885571682,5.855288424171703,23.003155041874944,1
2025-09-22 12:14:51.086653,7.538515710583835,5.5318244252321715,21.56472792511558,0
2025-09-22 15:14:51.086653,7.123875647013808,6.338904947735123,25.471289394354997,1
2025-09-22 18:14:51.086653,6.654362758330208,6.233626112984559,18.75046198781472,0
2025-09-22 21:14:51.086653,6.754208334607897,5.247588727763574,19.50832959678183,0
2025-09-23 00:14:51.086653,8.144426876289103,6.760264384006299,14.220019765955376,0
2025-09-23 03:14:51.086653,6.755963981562648,6.7913567461670565,27.49602831673402,1
2025-09-23 06:14:51.086653,6.695190132979477,6.813595548793919,13.031117100869155,0
2025-09-23 09:14:51.086653,7.121722867971551,5.869353952676316,21.010287248840044,1
2025-09-23 12:14:51.086653,7.255300983869799,5.8058386854778945,15.540199459837602,0
2025-09-23 15:14:51.086653,7.088672735429789,4.840829126151908,21.686893454604753,0
2025-09-23 18:14:51.086653,6.636549653410645,6.754660232807865,23.721836712846635,1
2025-09-23 21:14:51.086653,6.536325171974442,3.8642070880753323,11.803548838752214,0
2025-09-24 00:14:51.086653,7.238456221299314,5.609040922270955,18.94528074343821,0
2025-09-24 03:14:51.086653,6.978323925590982,5.6601595843014785,11.216454403547239,0
2025-09-24 06:14:51.086653,6.3434268119045525,6.85621870809415,27.021403191687217,1
2025-09-24 09:14:51.086653,7.468400397333629,5.999386821396747,17.784281988946514,0
2025-09-24 12:14:51.086653,7.310131604204198,5.035530840262647,12.11734726203792,0
2025-09-24 15:14:51.086653,6.903618313557746,4.573234534839397,16.4903414000249,0
2025-09-24 18:14:51.086653,6.89589443092925,5.270866311413317,26.556609423232338,1
2025-09-24 21:14:51.086653,7.092583915357001,6.106609212619516,27.43777244585276,0
2025-09-25 00:14:51.086653,6.725196302643892,6.055046734021773,26.353068273959153,1
2025-09-25 03:14:51.086653,6.4606750159360296,5.802374119928243,16.078235401415252,0
2025-09-25 06:14:51.086653,7.129007102663517,5.315670809897372,19.23860466052327,1
2025-09-25 09:14:51.086653,6.424365371514698,5.789869331900776,28.17375115111129,0
2025-09-25 12:14:51.086653,7.156290721315624,6.9977629419642,16.342072438257226,0
2025-09-25 15:14:51.086653,6.423517012459625,4.899571541161405,18.326504019332003,0
2025-09-25 18:14:51.086653,6.960316307882878,6.033643314326689,15.230741507682184,0
2025-09-25 21:14:51.086653,6.9457421845779255,7.618569219516061,14.179633417015033,1
2025-09-26 00:14:51.086653,7.713051703856422,6.554328320105706,26.031104273276874,0
2025-09-26 03:14:51.086653,6.574246676166432,5.54406437890109,23.153402809085406,0
2025-09-26 06:14:51.086653,6.434021672497072,6.660971942484353,22.248139059376463,0
2025-09-26 09:14:51.086653,6.741529077690874,5.247975784418232,22.8982866063174,1
2025-09-26 12:14:51.086653,6.550507029418371,6.0070476891076225,25.106576787399057,1
2025-09-26 15:14:51.086653,6.764095013567094,7.554035196415592,27.55181484223456,1
2025-09-26 18:14:51.086653,7.168320391509857,7.894136103518679,19.96401395801424,1
2025-09-26 21:14:51.086653,7.30879097160094,4.291370363839338,18.29578459913635,0
2025-09-27 00:14:51.086653,7.663824510386831,6.700067363662068,14.880910922931932,0
2025-09-27 03:14:51.086653,6.705330331368093,7.948612549008542,25.41153385218485,0
2025-09-27 06:14:51.086653,8.0554155208002,5.4546609891696765,17.4251892603313,0
2025-09-27 09:14:51.086653,7.79287413219382,6.2589906290811435,12.526980547292386,0
2025-09-27 12:14:51.086653,6.9185892799798925,7.507240539460481,18.656028098072923,0
2025-09-27 15:14:51.086653,6.083432008362077,5.5074791530631275,20.121713701855548,0
2025-09-27 18:14:51.086653,6.966755077646157,6.452024107060433,24.162540303059636,0
2025-09-27 21:14:51.086653,7.029003073454012,5.940793493716852,25.018732354976656,0
2025-09-28 00:14:51.086653,6.080300448836319,4.074633314687127,16.34500065135321,1
2025-09-28 03:14:51.086653,7.029532743029977,6.34612136530542,15.998922767757097,1
2025-09-28 06:14:51.086653,6.919938294869314,5.815880174653603,18.35932705925915,0
2025-09-28 09:14:51.086653,6.685715486220125,6.928131277370708,13.942904533534042,0
2025-09-28 12:14:51.086653,7.250651679132188,8.093387196553625,19.451532927985607,1
2025-09-28 15:14:51.086653,7.402139352050893,6.683891493293625,22.305985787028398,0
2025-09-28 18:14:51.086653,6.8055291099737225,5.632602638353151,20.214627789759447,0
2025-09-28 21:14:51.086653,7.0917919042183915,6.450150978639067,11.933320668689829,1
2025-09-29 00:14:51.086653,6.738083253168013,6.201781582372943,14.039637950535154,0
2025-09-29 03:14:51.086653,6.685357790724556,7.022980305318455,26.429347261484047,0
2025-09-29 06:14:51.086653,7.0317986882279975,4.561212206161275,14.933264922669018,0
2025-09-29 09:14:51.086653,7.209368623627852,4.833672512859905,23.69238503696978,0
2025-09-29 12:14:51.086653,6.774682856511463,3.9548174703086865,23.159844817799257,0
2025-09-29 15:14:51.086653,6.114532095340633,6.607084544586918,18.38975142056566,0
2025-09-29 18:14:51.086653,7.234313937073685,5.980993331205833,15.01517649498118,0
2025-09-29 21:14:51.086653,6.361376874692745,5.359862124084447,21.052122958011314,0
2025-09-30 00:14:51.086653,7.048799449293519,5.274753049270536,15.569390743164963,0
2025-09-30 03:14:51.086653,7.711610492489775,5.427808767327432,19.12104068734604,0
2025-09-30 06:14:51.086653,6.993268181877975,5.0721842898671285,20.53019226676354,0
2025-09-30 09:14:51.086653,6.524099998136571,5.678598394575687,16.415627624582466,0
2025-09-30 12:14:51.086653,6.415528381352696,5.505784190920894,18.865534058265503,0
2025-09-30 15:14:51.086653,7.468184610137667,7.38997424959467,18.457923748182417,0
2025-09-30 18:14:51.086653,6.993220601795066,6.323307348392838,13.82253965992186,0
2025-09-30 21:14:51.086653,7.215895396776818,5.1814774504343,19.047098732098075,1
2025-10-01 00:14:51.086653,7.370520719177186,5.416113878777978,16.813765637849105,0
2025-10-01 03:14:51.086653,6.980399082464568,7.198940260003374,10.87910938398352,0
2025-10-01 06:14:51.086653,6.876558304545049,6.452427347970627,18.31131813088256,0
2025-10-01 09:14:51.086653,6.621060921126653,6.295182593988954,18.585258279440083,0
2025-10-01 12:14:51.086653,5.766998093712935,6.720646709331096,16.975526201516647,0
2025-10-01 15:14:51.086653,6.392799802415425,7.586113246809701,9.691581319961164,0
2025-10-01 18:14:51.086653,6.972162597297308,4.782680747381205,23.880371152731694,0
2025-10-01 21:14:51.086653,6.929895193481219,5.254325480148813,23.41784249997295,0
2025-10-02 00:14:51.086653,7.161423949222214,4.259380338771912,23.25249678656305,0
2025-10-02 03:14:51.086653,6.949325264716813,6.494880972437563,21.624179857436957,1
2025-10-02 06:14:51.086653,7.063743004991518,5.621181608820099,13.715746971113592,0
2025-10-02 09:14:51.086653,7.315119516656293,5.3281489388541985,20.614448912304987,0
2025-10-02 12:14:51.086653,6.645982024568104,5.237771222936986,15.36191993255746,0
2025-10-02 15:14:51.086653,6.885136840338415,6.691356500283021,30.937587129700933,0
2025-10-02 18:14:51.086653,6.3571148672748174,5.857919788120453,17.396927978776336,0
2025-10-02 21:14:51.086653,7.389157115197255,5.469477707115756,23.337920404942896,0
2025-10-03 00:14:51.086653,7.015367168374079,7.255360559948569,12.23754372812255,1
2025-10-03 03:14:51.086653,7.195928854852771,4.953927067254032,14.101870823919453,0
2025-10-03 06:14:51.086653,7.616993260107582,4.735620859934315,17.31759346304979,1
2025-10-03 09:14:51.086653,7.431818338181569,8.59464541279555,23.51260515530388,0
2025-10-03 12:14:51.086653,6.975999422792527,5.6322682817731256,22.738218021572152,0
2025-10-03 15:14:51.086653,7.3150741366452285,5.456528726878361,21.44080216111555,0
2025-10-03 18:14:51.086653,6.427318354152284,5.272579646531118,10.7300256734413,1
2025-10-03 21:14:51.086653,7.173563778535752,5.863105021197424,25.656959479776727,0
2025-10-04 00:14:51.086653,7.055564029986189,6.782743982503321,15.369078169393822,0
2025-10-04 03:14:51.086653,6.352692396321818,6.753463045067742,28.0770181634321,0
2025-10-04 06:14:51.086653,7.534928011175002,6.544057766849235,29.330870414394504,0
2025-10-04 09:14:51.086653,6.718369129497288,5.721397659037503,24.13089782391887,0
2025-10-04 12:14:51.086653,7.273291487888879,4.509926212192182,24.942102906846387,0
2025-10-04 15:14:51.086653,6.832026027363882,6.282955859576458,13.693515979565799,0
2025-10-04 18:14:51.086653,7.397417155978443,7.5187971912874705,32.90512134891448,0
2025-10-04 21:14:51.086653,7.5249047053998375,7.069278624782127,21.08926536366582,0
2025-10-05 00:14:51.086653,6.667980208771745,5.8317417360536306,24.998918997104905,0
2025-10-05 03:14:51.086653,6.387840522448266,6.80253759455064,15.70913513430618,0
2025-10-05 06:14:51.086653,6.947435980154952,5.614507999357952,19.674979610111574,0
2025-10-05 09:14:51.086653,7.339566654810913,5.94485193268673,14.065716291684776,1
2025-10-05 12:14:51.086653,6.851475134956506,4.765635079676205,18.800715411415695,1
2025-10-05 15:14:51.086653,6.754590566417423,5.684572028709999,20.077346251882734,0
2025-10-05 18:14:51.086653,7.195312902446392,6.140565457211599,21.279077865932823,0
2025-10-05 21:14:51.086653,5.8953930127718435,5.830957942010281,26.9792346647597,0
2025-10-06 00:14:51.086653,6.734113770606511,6.76996312329056,22.40419897959439,0
2025-10-06 03:14:51.086653,6.446481479398278,7.883674101508406,21.218651434993575,0
2025-10-06 06:14:51.086653,7.117925481538217,7.321637648302766,20.19271197533525,0
2025-10-06 09:14:51.086653,6.705500283678303,5.695047255316772,30.052010352283396,1
2025-10-06 12:14:51.086653,6.55393293675159,5.268816983124973,17.104664440665278,0
2025-10-06 15:14:51.086653,6.858467530435455,5.3473403437995,25.941029664992623,0
2025-10-06 18:14:51.086653,6.4126366311617735,5.02220102079454,10.193660647973509,0
2025-10-06 21:14:51.086653,6.994750502642284,6.034013369242145,15.611024471205631,0
2025-10-07 00:14:51.086653,6.72705105974777,6.421118668217675,22.052503044091324,0
2025-10-07 03:14:51.086653,6.849032385289562,6.1830395005885315,19.194776000057768,0
2025-10-07 06:14:51.086653,6.713144761451592,6.193650004625508,35.03667495075715,0
2025-10-07 09:14:51.086653,7.3649051603409905,6.158200192769164,32.897279666915374,0
2025-10-07 12:14:51.086653,6.956458527261601,5.867945899263259,12.40430995124953,0
2025-10-07 15:14:51.086653,7.209804733063697,5.257643763500287,14.645866571872638,0
2025-10-07 18:14:51.086653,7.191914139004464,7.7246458962284565,19.28977214251115,1
2025-10-07 21:14:51.086653,6.6775396185854925,7.047531657132127,28.70126253105017,0
2025-10-08 00:14:51.086653,7.227989339381772,5.091744147496825,25.683852983684325,0
2025-10-08 03:14:51.086653,7.1396433896968885,5.0947584319085655,21.63689308874246,0
2025-10-08 06:14:51.086653,7.125459427270848,5.413729674224975,12.928207802583755,0
2025-10-08 09:14:51.086653,6.840522687358202,6.0330287404965395,15.779017270354476,1
2025-10-08 12:14:51.086653,6.829262363714784,7.259046068840233,6.581891166376009,0
2025-10-08 15:14:51.086653,7.314220792615243,7.014846728988107,12.326029328354313,1
2025-10-08 18:14:51.086653,7.872783826879478,7.06775035604023,22.14362024203625,1
2025-10-08 21:14:51.086653,6.6679491372198845,7.087834244198493,23.960601603880257,0
2025-10-09 00:14:51.086653,7.213779283089599,7.106402338999029,13.496410605658692,0
2025-10-09 03:14:51.086653,6.8534989887027775,6.736689587829264,20.558135325053534,1
2025-10-09 06:14:51.086653,7.3139426397207625,6.454503632675186,28.150918923814466,0
2025-10-09 09:14:51.086653,7.175325322939253,5.880945775595228,20.83749685397445,0
2025-10-09 12:14:51.086653,7.42405021976795,4.256231790091984,18.490260572300244,0
2025-10-09 15:14:51.086653,5.882086095298167,5.870777837459801,23.082496677173417,1
2025-10-09 18:14:51.086653,6.759566928673434,7.8019777288201055,22.66218279543547,0
2025-10-09 21:14:51.086653,6.60472591269405,5.460033663293169,20.427880404738413,1
2025-10-10 00:14:51.086653,6.956804931468248,5.374306650216099,17.347993680975126,0
2025-10-10 03:14:51.086653,6.710453687579315,7.017415524865079,17.90346824718915,0
2025-10-10 06:14:51.086653,6.74360977698408,6.080624826074963,20.47719035238633,0
2025-10-10 09:14:51.086653,7.27274392803666,5.519946995041144,17.279240807014556,0
2025-10-10 12:14:51.086653,7.760771257759933,7.557663139915578,26.69143922085137,0
2025-10-10 15:14:51.086653,5.870467773455444,6.624155847877979,24.49080147323533,0
2025-10-10 18:14:51.086653,6.8758199973572935,6.757577934641539,25.46440534713487,0
2025-10-10 21:14:51.086653,7.124821516761025,5.435424591457168,30.164612393590836,0
2025-10-11 00:14:51.086653,7.00189323982154,6.497051709274155,27.921924666698672,0
2025-10-11 03:14:51.086653,6.861945965900043,6.376492931793766,27.11697583572178,0
2025-10-11 06:14:51.086653,6.458612978437164,6.777078009655172,21.88056953762733,1
2025-10-11 09:14:51.086653,6.622931057342938,7.149169645161332,19.060108165050668,1
2025-10-11 12:14:51.086653,7.289992789281786,7.126073509173772,31.528544763311082,0
2025-10-11 15:14:51.086653,7.430304984122582,6.170490814850566,16.654524612049308,0
2025-10-11 18:14:51.086653,7.038669833265718,6.689499327682,16.92519898185738,0
2025-10-11 21:14:51.086653,6.665531051980854,4.854921953281693,15.675125511841436,0
2025-10-12 00:14:51.086653,7.038284387826603,6.643612114721646,21.099378938233727,0
2025-10-12 03:14:51.086653,6.903984088790929,6.684314976474558,22.113327167663247,0
2025-10-12 06:14:51.086653,7.218241848026747,5.611145768275258,25.170536339959682,0
2025-10-12 09:14:51.086653,7.047319647073899,5.226252153201685,18.896186687020265,0
2025-10-12 12:14:51.086653,6.751284193680937,5.941242682404468,11.350072606403343,0
2025-10-12 15:14:51.086653,7.076269226111621,4.7865468850165795,21.613265217200365,0
2025-10-12 18:14:51.086653,6.5282381265229175,6.340880689781193,24.890382647846913,0
2025-10-12 21:14:51.086653,7.328004767543029,6.29470115843203,20.179353658032607,1
2025-10-13 00:14:51.086653,7.472934090731868,5.0514323838168815,19.353058499138474,0
2025-10-13 03:14:51.086653,6.52859837247097,6.04756760290703,22.833053240973477,0
2025-10-13 06:14:51.086653,7.1684187859810775,7.067712677751751,27.183598111639206,0
2025-10-13 09:14:51.086653,6.603495096637609,7.062610171163526,19.689630022940978,0
2025-10-13 12:14:51.086653,7.42867374431167,7.010540999817083,12.919225480453788,0
2025-10-13 15:14:51.086653,7.361647447213609,5.849640031259864,17.19767066314987,0
2025-10-13 18:14:51.086653,6.907928742022155,5.6618666408906675,19.19023633744154,0
2025-10-13 21:14:51.086653,7.397973483777283,5.609137114184893,11.013763144399602,0
2025-10-14 00:14:51.086653,6.827563537583544,6.592679711703558,23.864598301962765,0
2025-10-14 03:14:51.086653,6.742796067399214,8.351867300509822,16.178988685021434,1
2025-10-14 06:14:51.086653,6.772512042164386,7.405004207158776,22.55529501634743,0
2025-10-14 09:14:51.086653,6.943659678846397,7.585772887675391,20.98754762243044,0
2025-10-14 12:14:51.086653,6.870635350542398,7.349904482919444,18.457730562817208,0
2025-10-14 15:14:51.086653,7.061737994571026,4.3872350856575295,28.15259178141619,0
2025-10-14 18:14:51.086653,6.753976582319114,5.7992807477247705,17.204014540509064,0
2025-10-14 21:14:51.086653,7.305878442017787,5.567355651739778,16.647740056734722,0
2025-10-15 00:14:51.086653,7.40838770032139,7.249577713434155,21.47404586568197,0
2025-10-15 03:14:51.086653,6.801655228554345,7.688385796551478,24.20563663409693,1
2025-10-15 06:14:51.086653,6.429130095881136,5.336082228725699,19.997892274529708,0
2025-10-15 09:14:51.086653,7.289549294079786,6.038660352192023,15.09590467084739,0
2025-10-15 12:14:51.086653,7.455422645732735,6.557176531773448,23.463514799102295,0
2025-10-15 15:14:51.086653,6.934700642326071,5.511543429475596,23.025426028287274,0
2025-10-15 18:14:51.086653,6.485393177023134,5.371478297898716,30.380160593173105,0
2025-10-15 21:14:51.086653,7.106704367085239,5.322560762121799,18.902035775708136,0
